v,steering_angle_v,X,Y,Theta(orientation),Psi(steering_angle)
1.09479593164045,0,0,0,0,0
1.09479593164045,0,0.000200950914520766,0,0,0
1.09479593164045,0,0.0012057054871246,0,0,0
1.09479593164045,0,0.00622947835014376,0,0,0
1.09479593164045,0,0.0313483426652396,0,0,0
0.235223081072431,0,0.109479593164045,0,0,0
3.39432358434159,0,0.133001901271288,0,0,0
3.39648202918306,0,0.472434259705448,0,0,0
4.67346447970414,0,0.812082462623754,0,0,0
4.67346447970414,0,1.27942891059415,0,0,0
1.9175103874493,-5.52242991585398,1.27942891059417,0,0,0
1.9175103874493,-5.52242991585398,1.27942891059418,-3.70894738855217e-31,-2.69013517737675e-28,-3.9239224604543e-14
2.59708186033977,-7.47959575777855,1.47112205757851,-0.00349294850034978,-0.0558792901973559,-0.552242991585398
2.59708186033977,-7.47959575777855,1.55176606661268,-0.0104120603186806,-0.12034162356971,-0.785398163397448
2.59708186033977,-7.47959575777855,1.5517660666127,-0.0104120603186828,-0.120341623569728,-0.785398163397448
4.15482673056183,-11.9659009840181,1.72636844046524,-0.0475756537155765,-0.299093152724503,-0.785398163397448
4.15482673056183,-11.9659009840181,1.98396484844227,-0.169501281709048,-0.585060893211473,-0.785398163397448
0.172860552637307,-0.497838391595445,2.08701176637354,-0.247808471571026,-0.714575825780686,-0.785398163397448
0.267308175222626,-0.769847544641163,2.09997060414493,-0.259248261331593,-0.731861881044417,-0.785398163397448
0.267308175222626,-0.769847544641163,2.11961540022047,-0.277374928060263,-0.758592698566677,-0.785398163397448
0,-7.62768278402634,2.11961540022047,-0.277374928060265,-0.758592698566679,-0.785398163397448
0,-7.62768278402634,2.11961540022047,-0.277374928060265,-0.758592698566679,-0.785398163397448
0,-9.66455113071229,2.11961540022047,-0.277374928060265,-0.758592698566679,-0.785398163397448
0,-0.110853881440523,2.11961540022047,-0.277374928060265,-0.758592698566679,-0.785398163397448
0,-5.52118537087049,2.11961540022047,-0.277374928060265,-0.758592698566679,-0.785398163397448
0,-0.962528220267281,2.11961540022047,-0.277374928060265,-0.758592698566679,-0.785398163397448
0,-6.01179803219242,2.11961540022047,-0.277374928060265,-0.758592698566679,-0.785398163397448
0,-9.88952705799114,2.11961540022047,-0.277374928060265,-0.758592698566679,-0.785398163397448
0,8.48126365713834,2.11961540022047,-0.277374928060265,-0.758592698566679,-0.785398163397448
0,-13.3982855240806,2.11961540022047,-0.277374928060265,-0.758592698566679,0.0627282023163847
0,-13.3982855240806,2.11961540022047,-0.277374928060265,-0.758592698566679,-0.785398163397447
0,-13.3982855240806,2.11961540022047,-0.277374928060265,-0.758592698566679,-0.785398163397448
0,12.1848032233235,2.11961540022047,-0.277374928060265,-0.758592698566679,-0.785398163397448
0,12.1848032233235,2.11961540022047,-0.277374928060265,-0.758592698566679,-0.338229428369623
0,-7.58777439724085,2.11961540022047,-0.277374928060265,-0.758592698566679,0.433082158934895
0,-1.32429442690885,2.11961540022047,-0.277374928060265,-0.758592698566679,-0.32569528078919
0,9.41643305710351,2.11961540022047,-0.277374928060265,-0.758592698566679,-0.458124723480076
0,-5.99039073865413,2.11961540022047,-0.277374928060265,-0.758592698566679,0.483518582230276
0,10.0971445600023,2.11961540022047,-0.277374928060265,-0.758592698566679,-0.115520491635138
0,10.0971445600023,2.11961540022047,-0.277374928060265,-0.758592698566679,0.785398163397161
0,10.0971445600023,2.11961540022047,-0.277374928060265,-0.758592698566679,0.785398163397448
9.10320830489658,13.1086199590511,2.11961540022047,-0.277374928060265,-0.758592698566679,0.785398163397448
9.10320830489658,13.1086199590511,2.19399922078101,-0.341251720759234,-0.660506469037023,0.785398163397448
9.10320830489658,13.1086199590511,2.35968867485347,-0.445690127812384,-0.46433400997771,0.785398163397448
9.10320830489658,13.1086199590511,2.73558916972174,-0.548980024639048,-0.0719890918590854,0.785398163397448
7.62198039685468,10.9756517714707,2.95866273328735,-0.540081473439415,0.15172813192298,0.785398163397448
2.6245299366417,-3.77932310876405,3.59942345999418,-0.162211747138483,0.913926171608448,0.785398163397448
0.474645137076567,0.683488997390256,3.73728622439383,0.0606953393599577,1.09528495928013,0.407465852521043
7.36081884585359,-10.5995791380292,3.75855368273228,0.103127410176807,1.11773620887278,0.475814752260069
3.28234226130058,4.72657285627284,4.04900829805171,0.779184602166221,1.07360767538042,-0.584143161542845
6.32638567887544,-9.10999537758063,4.22680843898973,1.05484731823928,0.952028380175873,-0.11148587591556
6.32638567887544,-9.10999537758063,4.52884791223774,1.4111964665423,0.716942896479054,-0.785398163397191
6.32638567887544,-9.10999537758063,4.52884791223788,1.41119646654242,0.716942896478874,-0.785398163397448
7.56410485951421,10.8923109977005,4.66128538205018,1.50869907305128,0.552298972675975,-0.785398163397448
7.56410485951421,10.8923109977005,4.83660479403415,1.59782543680011,0.403038588547815,-0.501926223339938
7.56410485951421,10.8923109977005,5.20788148255516,1.72839515617121,0.313089745838448,0.0650176567750833
9.91037385534047,-14.2709383516903,5.3650260721035,1.78138120272843,0.34418018659608,0.303832936372599
9.91037385534047,-14.2709383516903,6.03353970136226,2.01017025553601,0.181631899077797,-0.714980731200733
9.91037385534047,-14.2709383516903,6.08180076502639,2.01791932027139,0.135940449014064,-0.785398163397043
9.91037385534047,-14.2709383516903,6.08180076502667,2.01791932027143,0.135940449013782,-0.785398163397448
3.65338670725626,-5.26087685844902,6.31584925225919,2.02227944580075,-0.0986864505688419,-0.785398163397448
3.65338670725626,-5.26087685844902,6.40144630661185,2.01004813858322,-0.185179937960137,-0.785398163397448
3.65338670725626,-5.26087685844902,6.5678809703629,1.96368600319075,-0.358166912742727,-0.785398163397448
2.47038885600417,3.55735995264601,6.6648741294116,1.92140330151124,-0.464025121294467,-0.785398163397448
9.82550286214124,14.1487241214834,6.87361006820134,1.7898609930057,-0.638526292800171,-0.429662168132847
9.82550286214124,14.1487241214834,7.54625591051989,1.2800266177152,-0.465860376517992,0.785398163397442
9.82550286214124,14.1487241214834,7.54625591052014,1.28002661771507,-0.465860376517705,0.785398163397448
7.22660400775569,10.4063097711682,7.67414754030165,1.22648458968374,-0.327101987199895,0.785398163397448
7.22660400775569,10.4063097711682,7.77229641993174,1.19867818472065,-0.225045945242233,0.785398163397448
7.22660400775569,10.4063097711682,7.97451523655483,1.17368114524905,-0.0209338613269096,0.785398163397448
7.53355834983921,-10.8483240237685,8.38077111119475,1.25068049335685,0.395558413575674,0.785398163397448
0,-9.38186747645115,9.0105511482098,1.66194525962505,0.604800639836461,-0.299434238979398
0,-9.38186747645115,9.0105511482098,1.66194525962505,0.604800639836461,-0.785398163397183
0,-9.38186747645115,9.0105511482098,1.66194525962505,0.604800639836461,-0.785398163397448
0.726858829486584,1.04667671446068,9.0105511482098,1.66194525962505,0.604800639836461,-0.785398163397448
0.726858829486584,1.04667671446068,9.03970424628023,1.68137455302793,0.571475765133336,-0.734946470276914
6.31634718101302,-9.09553994065874,9.07170032819267,1.7012151526969,0.539242085766914,-0.68073049195138
6.31634718101302,-9.09553994065874,9.13520919009705,1.73654001025182,0.473680161206134,-0.785398163397443
6.31634718101302,-9.09553994065874,9.13520919009737,1.73654001025198,0.473680161205775,-0.785398163397448
6.31634718101302,-9.09553994065874,9.29975388613216,1.8031788153426,0.295919629039464,-0.785398163397448
6.31634718101302,-9.09553994065874,9.47348917525884,1.83967178246173,0.118159096873155,-0.785398163397448
8.84707128575401,12.7397826514858,9.67653889987698,1.84301127928551,-0.0852686739465126,-0.785398163397448
8.84707128575401,12.7397826514858,10.4302656567685,1.63513238025707,-0.284724611560189,0.3419760085839
2.72709966764185,3.92702352140426,10.528545935297,1.60859585178647,-0.239738874375262,0.488580101751125
2.72709966764185,3.92702352140426,10.6825608712996,1.57898859746435,-0.131350849228622,0.714532827143457
2.72709966764185,3.92702352140426,10.7314767362252,1.57363782772346,-0.0854720443191796,0.785398163397447
2.72709966764185,3.92702352140426,10.7314767362254,1.57363782772345,-0.0854720443190246,0.785398163397448
4.3641140565109,-6.2843242413757,10.7979601408059,1.57016564587372,-0.0188857314760506,0.785398163397448
4.3641140565109,-6.2843242413757,10.9044336458433,1.57328785483794,0.072770366231715,0.631956767430881
4.3641140565109,-6.2843242413757,11.1154811687096,1.60207830663797,0.184433418325297,0.325073975497745
7.66494777876183,11.037524801417,11.229879097918,1.6253339014112,0.21320019840305,0.15696573925988
7.66494777876183,11.037524801417,11.6460021874156,1.75373967181493,0.445098112161183,0.78539816339744
7.66494777876183,11.037524801417,11.646002187416,1.75373967181512,0.44509811216162,0.785398163397448
4.77731765004681,-6.87933741606741,11.915301473029,1.94201406311629,0.775181484386288,0.785398163397448
4.77731765004681,-6.87933741606741,12.0493689634643,2.097794451792,0.929239096994835,0.489146322092187
2.37774433678842,3.42395184497533,12.200680864243,2.32372749383343,1.01255448468656,0.0974644217907097
2.74906840303404,-3.95865850036901,12.321376633405,2.52854002007401,1.07871523666419,0.439859606288244
3.59264979306266,-5.17341570201023,12.4404250691322,2.77627048032071,1.14750754756208,0.0439937562513444
1.66507200415482,2.39770368598295,12.5956496783504,3.10015645377188,1.067290291324,-0.473347813949677
4.8651738301223,-7.00585031537612,12.6809843286319,3.24310326196482,1.0055194828821,-0.233577445351381
4.8651738301223,-7.00585031537612,12.9131120701142,3.5470948557926,0.784246183529504,-0.785398163397443
4.8651738301223,-7.00585031537612,12.9131120701144,3.54709485579279,0.784246183529227,-0.785398163397448
8.9765628655332,-12.9262505263678,12.9898819845617,3.61615677145964,0.680937632493707,-0.785398163397448
8.9765628655332,-12.9262505263678,13.148489757616,3.72135306631724,0.49032662139769,-0.785398163397448
8.9765628655332,-12.9262505263678,13.5105155392302,3.83322797055368,0.109104599205656,-0.785398163397448
0,-13.0925966636709,13.8344300036911,3.81578225842437,-0.216718654059617,-0.785398163397448
0,0.872126316685288,13.8344300036911,3.81578225842437,-0.216718654059617,-0.785398163397448
9.04653092336214,13.0270045296415,13.8344300036911,3.81578225842437,-0.216718654059617,-0.69818553172892
5.04522894744073,7.26512968431466,14.6843239393304,3.50538575399988,-0.266518122158693,0.604514921235235
5.04522894744073,7.26512968431466,14.8068488354538,3.47840309654947,-0.161029571463144,0.785398163397037
5.04522894744073,7.26512968431466,14.8068488354541,3.47840309654942,-0.161029571462858,0.785398163397448
5.16291963642599,7.43460427645343,15.183343570874,3.48910791139094,0.217879960668564,0.785398163397448
5.16291963642599,7.43460427645343,15.5364621725356,3.64332127115469,0.605628363020583,0.785398163397448
3.19032941162136,4.59407435273476,15.6371560124792,3.72308002145062,0.734171924311165,0.785398163397448
9.86642112017908,-14.2076464130579,15.8361967961998,3.97067729353281,1.0532048654733,0.785398163397448
4.93976684982878,7.11326426375344,16.1653358089412,4.90256407801281,1.14350243797947,-0.635366477908334
2.66144507222876,-3.83248090400942,16.4167116035551,5.3272381551357,0.994736924174429,0.0759599484670131
0.907328948801071,-1.30655368627354,16.5632327489222,5.54940403632671,0.963426159736085,-0.307288141933927
9.47764249959851,-13.6478051994219,16.6162433068783,5.62303468399226,0.927902605538674,-0.437943510561282
9.47764249959851,-13.6478051994219,16.7748311396092,5.80450353207907,0.756115207107329,-0.785398163396674
9.47764249959851,-13.6478051994219,16.7748311396096,5.80450353207944,0.756115207106791,-0.785398163397448
9.47764249959851,-13.6478051994219,17.0366181613735,5.98251208423237,0.438203500900334,-0.785398163397448
9.47764249959851,-13.6478051994219,17.3409296552314,6.06977034521462,0.120291794693881,-0.785398163397448
0.73749075212399,1.06198668305855,17.4113130259183,6.07576492524946,0.0496389105053896,-0.785398163397448
0.73749075212399,1.06198668305855,17.4387829909298,6.07676115457081,0.0232105807474215,-0.745814257309497
5.00707094790743,-7.2101821649867,17.4850399836731,6.07688913995336,-0.0167793448235715,-0.679199495091594
5.00707094790743,-7.2101821649867,17.5586538758925,6.07327807713431,-0.0833365094560462,-0.785398163397445
5.00707094790743,-7.2101821649867,17.5586538758928,6.07327807713428,-0.0833365094563311,-0.785398163397448
5.00707094790743,-7.2101821649867,17.8552504722139,6.00180212125001,-0.389619735472727,-0.785398163397448
3.84142148021675,5.53164693151212,17.9638480689806,5.94934924352465,-0.510294529034395,-0.785398163397448
3.84142148021675,5.53164693151212,18.2277875072636,5.75633156225043,-0.716227079618073,-0.313709017496583
0,3.98997792414854,18.2701536082277,5.71882996118457,-0.732076717973168,-0.232233470246239
0,3.98997792414854,18.2701536082277,5.71882996118457,-0.732076717973168,0.0616081640009523
9.13817441982132,-13.1589711645427,18.2701536082277,5.71882996118457,-0.732076717973168,0.166764322168618
9.13817441982132,-13.1589711645427,18.7364455570737,5.25213154552074,-0.963092430728392,-0.785398163397442
9.13817441982132,-13.1589711645427,18.736445557074,5.25213154552031,-0.963092430728913,-0.785398163397448
0,-7.62836246920208,18.8530924464105,5.02884147267976,-1.21568592440076,-0.785398163397448
0,-7.62836246920208,18.8530924464105,5.02884147267976,-1.21568592440076,-0.785398163397448
0,-7.62836246920208,18.8530924464105,5.02884147267976,-1.21568592440076,-0.785398163397448
4.64445824951141,-6.68801987929643,18.8530924464105,5.02884147267976,-1.21568592440076,-0.785398163397448
4.64445824951141,-6.68801987929643,18.9146267861645,4.63974252211028,-1.61221323789679,-0.785398163397448
9.40979953827793,-13.5501113351202,18.9095131784686,4.57202987756404,-1.6801317493519,-0.785398163397448
9.40979953827793,-13.5501113351202,18.6140831628923,3.96563382286695,-2.36815556547516,-0.785398163397448
0.500839837128688,0.72120936546531,18.4127819774524,3.81356747359291,-2.62111170317969,-0.785398163397448
7.61514262185206,10.965805375467,18.3687517962153,3.78970758792284,-2.66774556886606,-0.713277226850917
7.70204546754344,-11.0909454732625,17.6479593575953,3.54605060782205,-2.80959029932378,0.383303310695776
8.27817300254394,11.9205691236633,16.921762618095,3.29222373430056,-2.95899263269693,-0.725791236630475
1.25365375599528,-1.80526140863321,16.0947184004289,3.26754769453316,-3.08242614768524,0.466265675735858
0.158677012733499,-0.228494898336239,15.9698310916677,3.25675869264657,-3.03277778957774,0.285739534872538
6.8845530119187,9.91375633716293,15.9540611972227,3.25499972861651,-3.0283122659522,0.262890045038914
6.8845530119187,9.91375633716293,15.6002433608408,3.18272693521053,-2.8153449578376,0.785398163397437
6.8845530119187,9.91375633716293,15.6002433608404,3.18272693521041,-2.81534495783723,0.785398163397448
8.68247131755691,12.5027586972819,15.3140760438828,3.03043810725854,-2.48974251661695,0.785398163397448
8.68247131755691,12.5027586972819,15.0471668942263,2.72217858584922,-2.07910818030966,0.785398163397448
6.29543417892206,-9.06542521764777,14.9220191819535,2.286152703299,-1.62149538486126,0.785398163397448
0,-10.6016330060557,14.9995798328742,1.66283365284156,-1.38584616948608,-0.121144358367326
0,-10.6016330060557,14.9995798328742,1.66283365284156,-1.38584616948608,-0.785398163396257
0,-10.6016330060557,14.9995798328742,1.66283365284156,-1.38584616948608,-0.785398163397448
0,-10.4459327776199,14.9995798328742,1.66283365284156,-1.38584616948608,-0.785398163397448
0,-10.4459327776199,14.9995798328742,1.66283365284156,-1.38584616948608,-0.785398163397448
0,-14.3921934574806,14.9995798328742,1.66283365284156,-1.38584616948608,-0.785398163397448
0,12.7954398766139,14.9995798328742,1.66283365284156,-1.38584616948608,-0.785398163397448
2.33194878433456,-3.35800624944177,14.9995798328742,1.66283365284156,-1.38584616948608,0.494145824263935
3.06321831097045,4.41103436779745,15.0532160944882,1.43595512486184,-1.30611069010751,0.158345199319759
3.51015248033691,5.05461957168515,15.1476497413131,1.14476218138076,-1.18180585326566,0.59944863609951
3.51015248033691,5.05461957168515,15.2025605324468,1.02801868619277,-1.07401949309342,0.785398163397447
3.51015248033691,5.05461957168515,15.202560532447,1.02801868619242,-1.07401949309302,0.785398163397448
5.13273702242073,7.39114131228586,15.3289954783701,0.846236133725468,-0.852135861238857,0.785398163397448
5.13273702242073,7.39114131228586,15.578148800405,0.640638315020261,-0.527685473893362,0.785398163397448
5.91113582528715,-8.51203558841349,15.7492696282107,0.561479633054654,-0.338862158996785,0.785398163397448
8.45981560110106,-12.1821344655855,16.3306419865181,0.46256106807519,-0.099629405505335,-0.0658053954438982
8.45981560110106,-12.1821344655855,16.8211859469868,0.372643420870167,-0.337988305445326,-0.785398163396074
8.45981560110106,-12.1821344655855,16.8211859469877,0.372643420869848,-0.337988305446293,-0.785398163397448
4.12080770550333,5.9339630959248,17.1216901485305,0.204111440925244,-0.684252665588645,-0.785398163397448
4.12080770550333,5.9339630959248,17.2442820898194,0.0884489029136841,-0.817286812627496,-0.542518172697496
8.41510639452147,-12.1177532081109,17.4006417039401,-0.0979844859616595,-0.912049346809658,-0.19200185380496
8.41510639452147,-12.1177532081109,17.6232271806092,-0.44376511738151,-1.13970924333449,-0.785398163396089
8.41510639452147,-12.1177532081109,17.6232271806096,-0.443765117382379,-1.13970924333545,-0.785398163397448
2.69317272244635,-3.87816872032274,17.7147137770582,-0.859966576767935,-1.56913911223724,-0.785398163397448
2.69317272244635,-3.87816872032274,17.7055115208815,-0.996984611856503,-1.70657395321358,-0.785398163397448
4.15394615575389,-5.98168246428561,17.679107543747,-1.12609933079331,-1.83845638448188,-0.785398163397448
0,-7.73717724817674,17.4903634948826,-1.49278910982675,-2.25385100005726,-0.785398163397448
4.67917368499524,-6.73801010639314,17.4903634948826,-1.49278910982675,-2.25385100005726,-0.785398163397448
2.87212371494254,-4.13585814951726,17.1223151747689,-1.77478437864817,-2.72176836855678,-0.785398163397448
1.78327703931521,-2.56791893661391,16.8469387431895,-1.85284372227925,-3.00898074005104,-0.785398163397448
0,-2.21356766997537,16.669015303545,-1.8605790188968,-3.18730844398256,-0.785398163397448
5.71654810836378,-8.23182927604384,16.669015303545,-1.8605790188968,-3.18730844398256,-0.785398163397448
8.0240572700389,11.554642468856,16.1358220271699,-1.67702727481727,-3.75896325481895,-0.785398163397448
0.330537543786009,-0.475974063051852,15.5783132104033,-1.10118869734842,-3.9511846524781,0.370066083488149
5.34449841144704,-7.69607771248374,15.5553672182359,-1.07739754006993,-3.93925617192356,0.322468677182964
4.98480119043253,7.17811371422285,15.1753746449339,-0.701696389069473,-3.9743705236784,-0.447139094065407
9.5536075996019,13.7571949434267,14.8604112534292,-0.315437346232006,-4.02048504981427,0.270672277356875
9.5536075996019,13.7571949434267,14.6544656769236,-0.0981978713097038,-3.85878159861782,0.702197268420477
9.5536075996019,13.7571949434267,14.6099713918292,-0.06139155405636,-3.80544289945223,0.785398163397444
9.5536075996019,13.7571949434267,14.6099713918284,-0.0613915540556913,-3.80544289945114,0.785398163397448
9.5536075996019,13.7571949434267,14.350000727129,0.0853988208760582,-3.50577276676808,0.785398163397448
7.48292650910231,-10.7754141731073,14.0597076758425,0.148809593143025,-3.20753067146463,0.785398163397448
7.48292650910231,-10.7754141731073,13.5942022291673,0.108643985838136,-2.97112249844646,0.111019209839796
5.54583848246645,-7.98600741475169,13.318140127543,0.0620668965833894,-2.99690002387447,-0.29214325391328
5.54583848246645,-7.98600741475169,12.9767964464887,0.0419518775720939,-3.20651066278092,-0.785398163397435
5.54583848246645,-7.98600741475169,12.9767964464881,0.0419518775721345,-3.20651066278155,-0.785398163397448
8.90737481364392,-12.8266197316473,12.7682325160235,0.0779553448284521,-3.41855637944134,-0.785398163397448
8.90737481364392,-12.8266197316473,12.4626391222026,0.224539023254181,-3.75913079066662,-0.785398163397448
0,-8.99782979534838,12.1218175539503,0.647578137450965,-4.30929386080573,-0.785398163397448
0,-12.1253704202014,12.1218175539503,0.647578137450965,-4.30929386080573,-0.785398163397448
1.59767522551011,-2.30065232473456,12.1218175539503,0.647578137450965,-4.30929386080573,-0.785398163397448
2.12751514843084,3.06362181374041,12.0711272217494,0.798911878054267,-4.46906138335674,-0.785398163397448
0,10.2918235349896,12.0381070141823,1.00886277317373,-4.6268109255014,-0.479035982023409
0,-1.87815257100302,12.0381070141823,1.00886277317373,-4.6268109255014,0.550146371475552
0.909903366542376,1.31026084782102,12.0381070141823,1.00886277317373,-4.6268109255014,0.36233111437525
2.74588147771819,-3.95406932791419,12.0285569093482,1.09934395491553,-4.58524616219839,0.493357199157354
0.0299960095575061,0.0431942537628087,11.9795325339745,1.36943485282704,-4.50039937597915,0.097950266365937
4.14293263300459,5.9658229915266,11.9789009632309,1.37236721096026,-4.50009807830968,0.102269691742218
0.268762908069772,-0.387018587620472,11.8652758988716,1.77017431371476,-4.31823405979537,0.698851990894876
7.09819592866031,10.2214021372709,11.8546824842815,1.79487423658609,-4.2965179312434,0.660150132132829
7.09819592866031,10.2214021372709,11.8166479861008,1.8730693324075,-4.21961947316558,0.785398163396296
7.09819592866031,10.2214021372709,11.8166479861005,1.87306933240821,-4.21961947316477,0.785398163397448
7.09819592866031,10.2214021372709,11.700844249815,2.04376771071892,-4.0129792843644,0.785398163397448
7.09819592866031,10.2214021372709,11.5524814954674,2.18707484528649,-3.80633909556404,0.785398163397448
9.37897299387444,-13.5057211111792,11.3752504198277,2.2981813260249,-3.59677767978805,0.785398163397448
9.37897299387444,-13.5057211111792,10.5829907056328,2.51814046236459,-3.41286607128018,-0.399681488147231
2.39910804778296,-3.45471558880746,10.4731956794061,2.55203544726564,-3.47322823189961,-0.565173947720466
2.39910804778296,-3.45471558880746,10.3371059477932,2.60735391476421,-3.59063674783597,-0.776835870549787
2.39910804778296,-3.45471558880746,10.3317570126117,2.60995084613394,-3.59653220601198,-0.785398163397056
2.39910804778296,-3.45471558880746,10.3317570126115,2.60995084613406,-3.59653220601225,-0.785398163397448
0,-2.60490108700697,10.2553858622872,2.65151686488248,-3.68350952768153,-0.785398163397448
0,-2.60490108700697,10.2553858622872,2.65151686488248,-3.68350952768153,-0.785398163397448
3.17539536542045,-4.57256932620544,10.2553858622872,2.65151686488248,-3.68350952768153,-0.785398163397448
0,-12.7726655349008,10.0136772342314,2.85538910880322,-4.00104906422357,-0.785398163397448
6.52058685967726,-9.38964507793525,10.0136772342314,2.85538910880322,-4.00104906422357,-0.785398163397448
0,-2.1648248578258,9.77292155103278,3.44899183619757,-4.6531077501913,-0.785398163397448
6.81346213762344,9.81138547817775,9.77292155103278,3.44899183619757,-4.6531077501913,-0.785398163397448
0,5.55573173349524,9.8540963771534,4.12408480239183,-4.88050957853229,0.195740384420324
3.8772533712337,5.58324485457653,9.8540963771534,4.12408480239183,-4.88050957853229,0.751313557769846
3.8772533712337,5.58324485457653,9.85777296174785,4.14741646084912,-4.85741160733258,0.785398163397446
3.8772533712337,5.58324485457653,9.85777296174792,4.14741646084955,-4.85741160733213,0.785398163397448
4.99741032486661,-7.19627086780792,9.84437838388297,4.50921695663639,-4.49335613522836,0.785398163397448
1.47533003309524,2.12447524765715,9.6610888210446,4.97286055121415,-4.25415513063186,0.0657710766166592
5.87186623172456,8.45548737368336,9.59448551813611,5.10449929473467,-4.22842723373021,0.278218601382373
5.87186623172456,8.45548737368336,9.40468161597842,5.40037973063313,-4.01635135029511,0.785398163397443
5.87186623172456,8.45548737368336,9.40468161597799,5.40037973063364,-4.01635135029446,0.785398163397448
8.45575659463916,-12.1762894962804,9.23431185918579,5.56142474067242,-3.7813727562998,0.785398163397448
8.45575659463916,-12.1762894962804,8.94050422680526,5.72804524135362,-3.57202279362911,0.298131036900338
5.90108610033108,-8.49756398447676,8.47670771162904,5.93314860808818,-3.60768724209946,-0.432230786230586
5.90108610033108,-8.49756398447676,8.26837248830764,6.05925571275589,-3.7820321737925,-0.785398163397446
5.90108610033108,-8.49756398447676,8.2683724883071,6.05925571275629,-3.78203217379314,-0.785398163397448
9.55408826449611,13.7578871008744,8.03248636019853,6.30846997556823,-4.12688566079304,-0.785398163397448
9.55408826449611,13.7578871008744,7.80571390088228,6.81721704947122,-4.36748883793671,0.018598805943729
0,8.00850439593592,7.65559794093864,7.184518956022,-4.23881778368585,0.590390546689986
0,8.00850439593592,7.65559794093864,7.184518956022,-4.23881778368585,0.785398163397446
0,8.00850439593592,7.65559794093864,7.184518956022,-4.23881778368585,0.785398163397448
0,2.13338249499601,7.65559794093864,7.184518956022,-4.23881778368585,0.785398163397448
0,2.13338249499601,7.65559794093864,7.184518956022,-4.23881778368585,0.785398163397448
0,14.159593398012,7.65559794093864,7.184518956022,-4.23881778368585,0.785398163397448
0,-5.88624038821377,7.65559794093864,7.184518956022,-4.23881778368585,0.785398163397448
0,2.04220470881192,7.65559794093864,7.184518956022,-4.23881778368585,0.196774124576063
0,8.13454100197858,7.65559794093864,7.184518956022,-4.23881778368585,0.400994595457255
0,8.13454100197858,7.65559794093864,7.184518956022,-4.23881778368585,0.785398163397435
0,8.13454100197858,7.65559794093864,7.184518956022,-4.23881778368585,0.785398163397448
0,-3.63062025403167,7.65559794093864,7.184518956022,-4.23881778368585,0.785398163397448
0,-3.63062025403167,7.65559794093864,7.184518956022,-4.23881778368585,0.59390370144372
0,7.03460951030003,7.65559794093864,7.184518956022,-4.23881778368585,0.422336137994282
0,7.03460951030003,7.65559794093864,7.184518956022,-4.23881778368585,0.78539816339665
0,7.03460951030003,7.65559794093864,7.184518956022,-4.23881778368585,0.785398163397448
4.64030528657153,6.682039612663,7.65559794093864,7.184518956022,-4.23881778368585,0.785398163397448
4.64030528657153,6.682039612663,7.53170996408665,7.3712239067226,-4.01427725562716,0.785398163397448
9.61095140763137,13.8397700269892,7.35737575414007,7.53459290555637,-3.77478725502869,0.785398163397448
1.26030806045062,1.8148436070489,6.44359737527954,7.67517327822362,-2.81369211426556,0.785398163397448
1.99757199361807,2.87650367081003,6.32715138004278,7.62718285316543,-2.6876613082205,0.785398163397448
3.19249673895188,-4.59719530409071,6.15753483935108,7.52229883563053,-2.48790410885869,0.785398163397448
6.2926915643237,-9.06147585262613,5.92932116975094,7.29983471152233,-2.28472378182432,0.325678632988379
0,-1.82465508739681,5.52090695276271,6.82151924620401,-2.3714517699037,-0.580468952274247
6.51253741537805,9.37805387814439,5.52090695276271,6.82151924620401,-2.3714517699037,-0.762934461013927
6.21634025881828,-8.95152997269832,4.98572873015954,6.45258808160758,-2.58628368202005,0.174870926800508
8.03072995880187,11.5642511406747,4.44535239035766,6.14730507978682,-2.77391590430872,-0.720282070469321
2.47841758303271,-3.5689213195671,3.66161805127239,5.97450691234274,-2.90408912184059,0.436143043598144
4.76431803068347,6.8606179641842,3.42336933365391,5.90638801324102,-2.83801649936345,0.0792509116414294
3.89314169711114,5.60612404384004,2.9821959429873,5.72920683041437,-2.61318711563089,0.765312708059847
3.89314169711114,5.60612404384004,2.97021969780929,5.7221002304543,-2.59941734607272,0.785398163397445
3.89314169711114,5.60612404384004,2.97021969780891,5.72210023045407,-2.59941734607227,0.785398163397448
2.0325033469277,2.92680481957589,2.69211059658647,5.47328649865541,-2.22405140923494,0.785398163397448
0,0.408602611910832,2.58577521217601,5.30048179451335,-2.02080107454217,0.785398163397448
9.01673498983343,12.9840983853601,2.58577521217601,5.30048179451335,-2.02080107454217,0.785398163397448
4.26497413044096,6.14156274783498,2.58649941889405,4.42904485317736,-1.11912757555881,0.785398163397448
1.42021032116386,-2.04510286247595,2.84765592933378,4.09594324615004,-0.692630162514725,0.785398163397448
9.47486780093744,13.6438096333499,2.96231077964875,4.01226786087089,-0.576367692070147,0.58088787714985
9.47486780093744,13.6438096333499,3.08528608886021,3.94152949031305,-0.459931445785498,0.785398163394384
9.47486780093744,13.6438096333499,3.08528608886214,3.94152949031209,-0.459931445783352,0.785398163397448
9.47486780093744,13.6438096333499,3.43905475595749,3.84168132242819,-0.0902404352983532,0.785398163397448
9.47486780093744,13.6438096333499,3.80500034347808,3.87640528277855,0.279450575186658,0.785398163397448
4.10313035552536,5.90850771195651,3.86787221193255,3.89671779361653,0.345534302193979,0.785398163397448
4.10313035552536,5.90850771195651,3.99858362908712,3.95463254877833,0.48862344707005,0.785398163397448
0,-1.88911485312931,4.21507827910652,4.10992180130459,0.755847337746506,0.785398163397448
0,12.7533365443132,4.21507827910652,4.10992180130459,0.755847337746506,0.596486678084515
0,12.7533365443132,4.21507827910652,4.10992180130459,0.755847337746506,0.785398163397428
0,12.7533365443132,4.21507827910652,4.10992180130459,0.755847337746506,0.785398163397448
0.921736299489502,-1.32730027126488,4.21507827910652,4.10992180130459,0.755847337746506,0.785398163397448
0.921736299489502,-1.32730027126488,4.27020451413715,4.16581446363784,0.826090545883075,0.672329051266305
1.62198552006017,2.33565914888664,4.27940418486772,4.17590307046318,0.836742347932008,0.652668136270958
1.62198552006017,2.33565914888664,4.33844402967219,4.24665376270556,0.917636890026127,0.785398163396918
1.62198552006017,2.33565914888664,4.33844402967241,4.24665376270585,0.917636890026496,0.785398163397448
0.710635651233902,-1.02331533777682,4.37901700383199,4.30370917542138,0.987661812083563,0.785398163397448
0.710635651233902,-1.02331533777682,4.39552665015157,4.32956675936859,1.01702445107276,0.74121923831989
3.65339028819156,-5.26088201499585,4.41614930827985,4.36428546362264,1.05190335732887,0.683066629619769
2.53057363560916,-3.64402603527718,4.56337693425373,4.69817377075401,1.21974938232268,0.156978428120176
1.35109368308964,-1.94557490364908,4.6493245593017,4.93618650017579,1.21329358767744,-0.207424175407535
0,-11.2774056300881,4.69898474803448,5.0618273697289,1.17065419906117,-0.401981665772446
0,-11.2774056300881,4.69898474803448,5.0618273697289,1.17065419906117,-0.785398163394898
0,-11.2774056300881,4.69898474803448,5.0618273697289,1.17065419906117,-0.785398163397448
0,-6.55642489127648,4.69898474803448,5.0618273697289,1.17065419906117,-0.785398163397448
0,-6.55642489127648,4.69898474803448,5.0618273697289,1.17065419906117,-0.785398163397448
3.49524144711683,-5.03314768384823,4.69898474803448,5.0618273697289,1.17065419906117,-0.785398163397448
4.52300169250136,-6.51312243720196,4.88807407316462,5.35367266144018,0.821130054349485,-0.785398163397448
8.08944587041132,11.6488020533923,5.25946611819357,5.60502797202685,0.368829885099358,-0.785398163397448
9.31674400312674,13.4161113645025,6.05383230941604,5.75331829342328,0.179173808689543,0.379482041941799
9.31674400312674,13.4161113645025,6.31631203973834,5.82203508388156,0.358550088855514,0.770713436688679
9.31674400312674,13.4161113645025,6.32584152310378,5.82566132915168,0.368607950118582,0.785398163397435
9.31674400312674,13.4161113645025,6.32584152310576,5.82566132915245,0.368607950120704,0.785398163397448
9.31674400312674,13.4161113645025,6.56295745877772,5.95657245463597,0.640296418694926,0.785398163397448
9.31674400312674,13.4161113645025,6.75624468762479,6.1463136912968,0.911984887269155,0.785398163397448
0,-9.38370319371284,6.8167918163319,6.23375923013614,1.01839615497596,0.785398163397448
0,-9.38370319371284,6.8167918163319,6.23375923013614,1.01839615497596,0.249517950153297
2.15248384147532,-3.09957673172447,6.8167918163319,6.23375923013614,1.01839615497596,-0.152972155973816
0,-9.78613009312476,6.93486898503773,6.41367870358234,0.949321823569561,-0.462929829146267
0,-9.78613009312476,6.93486898503773,6.41367870358234,0.949321823569561,-0.785398163395239
0,-9.78613009312476,6.93486898503773,6.41367870358234,0.949321823569561,-0.785398163397448
9.08921885261741,-13.0884751477691,6.93486898503773,6.41367870358234,0.949321823569561,-0.785398163397448
9.08921885261741,-13.0884751477691,7.41449320688212,6.77423084687708,0.339903954211662,-0.785398163397448
2.50125594087935,-3.60180855486626,7.7075008000971,6.83062819020835,0.0403999383078069,-0.785398163397448
8.60859835921256,-12.3963816372661,7.95608132432994,6.80953222479244,-0.209725655780132,-0.785398163397448
4.71262328546151,6.78617753106457,8.62537134489428,6.31105539553141,-1.07058549170137,-0.785398163397448
5.05955875155495,-7.28576460223913,8.78556247352419,5.86901733424006,-1.30731612865013,-0.106780410290982
5.05955875155495,-7.28576460223913,8.86940697422351,5.40637486498493,-1.54399569643287,-0.785398163397436
5.05955875155495,-7.28576460223913,8.86940697422354,5.40637486498378,-1.54399569643402,-0.785398163397448
0,8.64566983312633,8.86973494071964,5.37168460857748,-1.57868924304221,-0.785398163397448
0,8.64566983312633,8.86973494071964,5.37168460857748,-1.57868924304221,-0.726114545192132
0,8.64566983312633,8.86973494071964,5.37168460857748,-1.57868924304221,-0.607547308781498
0,8.64566983312633,8.86973494071964,5.37168460857748,-1.57868924304221,-0.370412835960231
8.17561482925695,-11.77288535413,8.86973494071964,5.37168460857748,-1.57868924304221,0.0791688199151964
8.17561482925695,-11.77288535413,8.82493234894371,4.7735460077253,-1.8129442958953,-0.785398163397444
8.17561482925695,-11.77288535413,8.82493234894326,4.77354600772348,-1.81294429589717,-0.785398163397448
0,10.884146863075,8.75046326787925,4.56999964156471,-2.03011204040946,-0.785398163397448
0,10.884146863075,8.75046326787925,4.56999964156471,-2.03011204040946,-0.496284050935112
0,10.884146863075,8.75046326787925,4.56999964156471,-2.03011204040946,0.0819441739895617
4.62244979321139,6.65632770222441,8.75046326787925,4.56999964156471,-2.03011204040946,0.303016522910033
4.62244979321139,6.65632770222441,8.62825704256385,4.25869501044189,-1.82213892478272,0.785398163397446
4.62244979321139,6.65632770222441,8.62825704256359,4.25869501044088,-1.82213892478167,0.785398163397448
9.51367450389716,-13.6996912856119,8.60452508158332,4.1337571051618,-1.69488119580006,0.785398163397448
9.51367450389716,-13.6996912856119,8.59896215394771,3.87225783494839,-1.51375490715836,0.408240664939262
9.51367450389716,-13.6996912856119,8.65101805074565,3.35108017455073,-1.4966436572907,-0.34607433197711
6.32738699965523,9.11143727950353,8.65705479458348,3.18561593588505,-1.58029950553838,-0.584570965163763
6.32738699965523,9.11143727950353,8.59985789876263,2.63816703834359,-1.69120346742847,0.208529795046501
0,-6.3263566158369,8.59085703311871,2.55669015005368,-1.66870428178099,0.326572762786571
0,-6.3263566158369,8.59085703311871,2.55669015005368,-1.66870428178099,-0.083231907435614
0,-11.8756423707472,8.59085703311871,2.55669015005368,-1.66870428178099,-0.306062898797128
0,-11.8756423707472,8.59085703311871,2.55669015005368,-1.66870428178099,-0.785398163397431
0,-11.8756423707472,8.59085703311871,2.55669015005368,-1.66870428178099,-0.785398163397448
0,-9.92132514879169,8.59085703311871,2.55669015005368,-1.66870428178099,-0.785398163397448
0,-9.92132514879169,8.59085703311871,2.55669015005368,-1.66870428178099,-0.785398163397448
0,10.1117757419645,8.59085703311871,2.55669015005368,-1.66870428178099,-0.785398163397448
9.87145499785964,14.2148951969179,8.59085703311871,2.55669015005368,-1.66870428178099,0.225779410799013
9.87145499785964,14.2148951969179,8.57897494869626,2.26142813178106,-1.52731186578369,0.651656958702981
9.87145499785964,14.2148951969179,8.58662490113297,2.16891791212571,-1.44578920885447,0.785398163397446
9.87145499785964,14.2148951969179,8.58662490113325,2.16891791212348,-1.44578920885223,0.785398163397448
9.87145499785964,14.2148951969179,8.66604102845794,1.88514960997815,-1.15004091169669,0.785398163397448
9.54414902699373,13.743574598871,8.82934725310138,1.63156641112027,-0.847267842817445,0.785398163397448
9.54414902699373,13.743574598871,9.31344789535032,1.32945404640701,-0.268591536790176,0.785398163397448
8.51269668364557,12.2582832244496,9.6857637915044,1.29933442044378,0.107147059881941,0.785398163397448
2.89316203114258,4.16615332484532,10.397104192182,1.71878274554596,0.95841672824648,0.785398163397448
0,-7.73893067526581,10.5270890128201,1.97612605106534,1.24773293136074,0.785398163397448
0,-7.40785919251286,10.5270890128201,1.97612605106534,1.24773293136074,0.0115050958708561
0,1.48944856370308,10.5270890128201,1.97612605106534,1.24773293136074,-0.729280823380414
0,5.96201015764941,10.5270890128201,1.97612605106534,1.24773293136074,-0.580335967010104
5.76716639835721,8.30471961363438,10.5270890128201,1.97612605106534,1.24773293136074,0.015865048754824
5.76716639835721,8.30471961363438,10.6565389590987,2.49330659812002,1.48826846408572,0.785398163395567
5.76716639835721,8.30471961363438,10.6565389590988,2.49330659812132,1.48826846408703,0.785398163397448
8.76565718965868,12.6225463531085,10.6591341690379,2.53554242682787,1.53058710764316,0.785398163397448
8.76565718965868,12.6225463531085,10.6596517724801,2.59985039730656,1.59490824848106,0.785398163397448
8.76565718965868,12.6225463531085,10.6482981960105,2.727901650803,1.72355053015686,0.785398163397448
8.76565718965868,12.6225463531085,10.5770478205893,2.9743856934437,1.98083509350846,0.785398163397448
0,6.33655669462707,10.330113956932,3.31794709742566,2.40715282660904,0.785398163397448
7.29747680355677,-10.5083665971218,10.330113956932,3.31794709742566,2.40715282660904,0.785398163397448
8.69263737867243,-12.5173978252883,9.71003783141339,3.70027619487123,2.62322543167108,-0.265438496314742
8.69263737867243,-12.5173978252883,9.42047011249997,3.89903258585735,2.41642448442235,-0.772090925206467
8.69263737867243,-12.5173978252883,9.41358719739116,3.90519064600328,2.40727865895796,-0.785398163394618
8.69263737867243,-12.5173978252883,9.4135871973897,3.90519064600461,2.40727865895597,-0.785398163397448
8.69263737867243,-12.5173978252883,9.19882273794169,4.18159107737083,2.05543669444783,-0.785398163397448
7.15642334760932,-10.3052496205574,9.13707399103291,4.32504535416447,1.89909802322953,-0.785398163397448
7.15642334760932,-10.3052496205574,9.08771887036544,4.73742977746629,1.4807260599358,-0.785398163397448
0,-11.5303727084447,9.15774843776381,5.02520865203104,1.18345568846859,-0.785398163397448
7.06535474260587,10.1741108293525,9.15774843776381,5.02520865203104,1.18345568846859,-0.785398163397448
7.41715897685716,10.6807089266743,9.53709124190243,5.61967927540344,0.961506325962242,0.232012919537775
7.41715897685716,10.6807089266743,9.7264950019121,5.95076557878621,1.17728522197702,0.78539816339506
7.41715897685716,10.6807089266743,9.72649500191277,5.9507655787878,1.17728522197856,0.785398163397448
0.190924038268125,-0.2749306151061,9.80227533279954,6.29811641404771,1.53470581142837,0.785398163397448
0.190924038268125,-0.2749306151061,9.80256537624718,6.30731212217678,1.54378529678242,0.77214971303854
0,-12.7588480882155,9.80278535518255,6.317201729835,1.55328267007644,0.757905101886839
5.24987405410496,7.55981863791115,9.80278535518255,6.317201729835,1.55328267007644,-0.517979706934729
4.63322734210325,-6.67184737262868,9.8506007000197,6.83982547278039,1.47548049308625,0.238002156856396
0.651938729291753,0.938791770180125,9.89305868231163,7.30112849716646,1.42931477426503,-0.429182580406457
0,-10.2732814173555,9.9031352734082,7.36553703342036,1.4030834178933,-0.335303403388443
0,-10.2732814173555,9.9031352734082,7.36553703342036,1.4030834178933,-0.785398163397439
0,-10.2732814173555,9.9031352734082,7.36553703342036,1.4030834178933,-0.785398163397448
4.88943159342251,-7.04078149452842,9.9031352734082,7.36553703342036,1.4030834178933,-0.785398163397448
4.88943159342251,-7.04078149452842,9.98539448555929,7.62675454468977,1.12835687057879,-0.785398163397448
0,9.61457853913986,10.0970663651413,7.80908099606774,0.914140258551044,-0.785398163397448
0,-9.82150732363644,10.0970663651413,7.80908099606774,0.914140258551044,0.176059690516552
0,-9.82150732363644,10.0970663651413,7.80908099606774,0.914140258551044,-0.785398163395226
0,-9.82150732363644,10.0970663651413,7.80908099606774,0.914140258551044,-0.785398163397448
1.99554747063459,2.87358835771381,10.0970663651413,7.80908099606774,0.914140258551044,-0.785398163397448
1.99554747063459,2.87358835771381,10.0996400020491,7.81240566321611,0.909961203647356,-0.779343816275262
1.99554747063459,2.87358835771381,10.104828429995,7.81902291307755,0.90175340532602,-0.767235122030888
1.99554747063459,2.87358835771381,10.1153641415776,7.83213113889222,0.885922889158146,-0.743017733542142
1.99554747063459,2.87358835771381,10.1370274895716,7.85785949860987,0.856483633537912,-0.694582956564648
1.99554747063459,2.87358835771381,10.1824102595346,7.90750579714258,0.805689610784341,-0.597713402609662
9.16633895559532,-13.1995280960573,10.2314314257637,7.95636639396725,0.763405552578155,-0.498039327626063
9.16633895559532,-13.1995280960573,10.3844867663967,8.08412716546271,0.612727714904431,-0.78539816339741
9.16633895559532,-13.1995280960573,10.3844867663984,8.08412716546391,0.612727714902348,-0.785398163397448
9.16633895559532,-13.1995280960573,10.6703277031113,8.22329533797657,0.293453861488505,-0.785398163397448
9.16633895559532,-13.1995280960573,10.9854049802717,8.26571149950221,-0.0258199919253344,-0.785398163397448
0,12.4687104342825,11.0637500095232,8.26060514496761,-0.104351433591648,-0.785398163397448
0,12.4687104342825,11.0637500095232,8.26060514496761,-0.104351433591648,-0.25127771963713
0,-12.8162689864711,11.0637500095232,8.26060514496761,-0.104351433591648,0.461472880030822
0,-12.8162689864711,11.0637500095232,8.26060514496761,-0.104351433591648,-0.785398163394535
0,-12.8162689864711,11.0637500095232,8.26060514496761,-0.104351433591648,-0.785398163397448
5.43948306955373,7.83285562015737,11.0637500095232,8.26060514496761,-0.104351433591648,-0.785398163397448
5.43948306955373,7.83285562015737,11.078409165476,8.25896200679777,-0.118793528329359,-0.76415659955607
5.43948306955373,7.83285562015737,11.1076516991529,8.25506340435712,-0.14589729100962,-0.721673471873312
5.43948306955373,7.83285562015737,11.1657956806189,8.24505687530951,-0.193580266915394,-0.636707216507797
5.43948306955373,7.83285562015737,11.2806083656876,8.21789187936514,-0.266457096517124,-0.466774705776768
5.43948306955373,7.83285562015737,11.5053030929236,8.14584058980996,-0.339420172258685,-0.126909684314709
1.39194998954979,2.0044079849517,11.5869156443502,8.11668359139772,-0.345026084040636,-0.00211260138172771
1.39194998954979,2.0044079849517,11.6913728314249,8.07947621618347,-0.336371478975958,0.157563691441682
0,-6.48500308323885,11.7181178077602,8.07019795526371,-0.331279483718279,0.198328197113445
0,-14.2468199952724,11.7181178077602,8.07019795526371,-0.331279483718279,-0.450172111210425
0,-14.2468199952724,11.7181178077602,8.07019795526371,-0.331279483718279,-0.785398163397436
0,-14.2468199952724,11.7181178077602,8.07019795526371,-0.331279483718279,-0.785398163397448
2.15531982116183,3.10366054247304,11.7181178077602,8.07019795526371,-0.331279483718279,-0.785398163397448
2.15531982116183,3.10366054247304,11.8696915303497,8.00576449594985,-0.461978578030695,-0.548060888297847
4.46023426692012,6.42273734436498,11.9147521532865,7.98249821703212,-0.490465848965808,-0.47503210915014
0,-4.54654674220204,12.2945823836486,7.74891664390368,-0.562201198887064,0.167241625286344
0,-7.4110961896419,12.2945823836486,7.74891664390368,-0.562201198887064,-0.287413048933866
0,-7.4110961896419,12.2945823836486,7.74891664390368,-0.562201198887064,-0.785398163395777
0,-7.4110961896419,12.2945823836486,7.74891664390368,-0.562201198887064,-0.785398163397448
0,12.6936593114835,12.2945823836486,7.74891664390368,-0.562201198887064,-0.785398163397448
0,12.6936593114835,12.2945823836486,7.74891664390368,-0.562201198887064,-0.368976685193334
4.39725562669209,6.33204810243661,12.2945823836486,7.74891664390368,-0.562201198887064,0.483967767750915
4.39725562669209,6.33204810243661,12.4787958956661,7.65016258146833,-0.406256802443903,0.785398163397426
4.39725562669209,6.33204810243661,12.478795895667,7.65016258146793,-0.406256802442912,0.785398163397448
0,-6.73245765209778,12.6990166009082,7.58419224034744,-0.175857903418107,0.785398163397448
0,-6.73245765209778,12.6990166009082,7.58419224034744,-0.175857903418107,0.432643863338406
8.06649917180953,-11.6157588074057,12.6990166009082,7.58419224034744,-0.175857903418107,0.112152398187685
8.06649917180953,-11.6157588074057,13.3040273449113,7.4373905217007,-0.409303772859194,-0.785398163394815
8.06649917180953,-11.6157588074057,13.304027344913,7.43739052169996,-0.409303772861048,-0.785398163397448
0,5.25827606788756,13.4646215868284,7.34945318601435,-0.592654688941219,-0.785398163397448
0,5.25827606788756,13.4646215868284,7.34945318601435,-0.592654688941219,-0.665877946074554
0,5.25827606788756,13.4646215868284,7.34945318601435,-0.592654688941219,-0.426837511428764
2.11518957378119,-3.04587298624491,13.4646215868284,7.34945318601435,-0.592654688941219,-0.259570556608703
0,-14.3872798182011,13.6351175118743,7.22439772183071,-0.685917588925574,-0.564157855233199
0,-14.3872798182011,13.6351175118743,7.22439772183071,-0.685917588925574,-0.785398163397422
0,-14.3872798182011,13.6351175118743,7.22439772183071,-0.685917588925574,-0.785398163397448
1.53604479578139,-2.21190450592521,13.6351175118743,7.22439772183071,-0.685917588925574,-0.785398163397448
1.53604479578139,-2.21190450592521,13.730077815182,7.1357715689784,-0.815901548970355,-0.785398163397448
0,9.07903108498036,13.7460582018974,7.11837817242842,-0.83952206850371,-0.785398163397448
0,9.07903108498036,13.7460582018974,7.11837817242842,-0.83952206850371,-0.0873344361035118
6.16350365623995,8.87544526498553,13.7460582018974,7.11837817242842,-0.83952206850371,0.122504945100601
6.16350365623995,8.87544526498553,14.0807806311688,6.80360742710637,-0.605144462406967,0.785398163395437
6.16350365623995,8.87544526498553,14.08078063117,6.80360742710557,-0.605144462405562,0.785398163397448
0,0.00856861174505605,14.2154735875105,6.72520503959442,-0.449136609487729,0.785398163397448
0,0.00856861174505605,14.2154735875105,6.72520503959442,-0.449136609487729,0.785398163397448
0,0.00856861174505605,14.2154735875105,6.72520503959442,-0.449136609487729,0.785398163397448
0.00878999941460323,-0.0126575991570286,14.2154735875105,6.72520503959442,-0.449136609487729,0.785398163397448
0,11.1362690321804,14.2162655777623,6.72482373618696,-0.448258721211488,0.784132403481745
0,11.1362690321804,14.2162655777623,6.72482373618696,-0.448258721211488,0.785398163397433
0,11.1362690321804,14.2162655777623,6.72482373618696,-0.448258721211488,0.785398163397448
7.27334990039158,-10.4736238565639,14.2162655777623,6.72482373618696,-0.448258721211488,0.785398163397448
3.19177588130896,4.5961572690849,14.9166921280256,6.53363882212977,-0.231536803137227,-0.261964222258954
0,6.01522150990331,15.2260096287819,6.45494275584982,-0.241988957561648,0.197651504649526
0,6.01522150990331,15.2260096287819,6.45494275584982,-0.241988957561648,0.785398163396083
0,6.01522150990331,15.2260096287819,6.45494275584982,-0.241988957561648,0.785398163397448
0,9.82791694487814,15.2260096287819,6.45494275584982,-0.241988957561648,0.785398163397448
0,9.82791694487814,15.2260096287819,6.45494275584982,-0.241988957561648,0.785398163397448
0,9.82791694487814,15.2260096287819,6.45494275584982,-0.241988957561648,0.785398163397448
0,9.82791694487814,15.2260096287819,6.45494275584982,-0.241988957561648,0.785398163397448
0,9.82791694487814,15.2260096287819,6.45494275584982,-0.241988957561648,0.785398163397448
0,9.82791694487814,15.2260096287819,6.45494275584982,-0.241988957561648,0.785398163397448
0,-9.80009256685157,15.2260096287819,6.45494275584982,-0.241988957561648,0.785398163397448
0,2.95577107433033,15.2260096287819,6.45494275584982,-0.241988957561648,-0.194611093287688
0,12.044446269816,15.2260096287819,6.45494275584982,-0.241988957561648,0.100966014145349
0,12.044446269816,15.2260096287819,6.45494275584982,-0.241988957561648,0.785398163397443
0,12.044446269816,15.2260096287819,6.45494275584982,-0.241988957561648,0.785398163397448
0,10.2084567974361,15.2260096287819,6.45494275584982,-0.241988957561648,0.785398163397448
0,10.2084567974361,15.2260096287819,6.45494275584982,-0.241988957561648,0.785398163397448
0,-11.9333945084053,15.2260096287819,6.45494275584982,-0.241988957561648,0.785398163397448
0,-1.36150276798825,15.2260096287819,6.45494275584982,-0.241988957561648,-0.407941287443099
0,-1.17702157850239,15.2260096287819,6.45494275584982,-0.241988957561648,-0.544091564241921
0,-11.0016698895961,15.2260096287819,6.45494275584982,-0.241988957561648,-0.661793722092162
0,-11.0016698895961,15.2260096287819,6.45494275584982,-0.241988957561648,-0.78539816339744
0,-11.0016698895961,15.2260096287819,6.45494275584982,-0.241988957561648,-0.785398163397448
0,-9.06583444227736,15.2260096287819,6.45494275584982,-0.241988957561648,-0.785398163397448
0,-9.06583444227736,15.2260096287819,6.45494275584982,-0.241988957561648,-0.785398163397448
0,3.07947135562053,15.2260096287819,6.45494275584982,-0.241988957561648,-0.785398163397448
0,3.07947135562053,15.2260096287819,6.45494275584982,-0.241988957561648,-0.612407908165894
0,3.0750739141717,15.2260096287819,6.45494275584982,-0.241988957561648,-0.477451027835391
0.810607974794976,1.16727548370477,15.2260096287819,6.45494275584982,-0.241988957561648,-0.169943636418228
0,-5.59905462600247,15.3046033458875,6.43509749321262,-0.251081890648821,-0.05321608804775
9.5215966829665,13.7110992234718,15.3046033458875,6.43509749321262,-0.251081890648821,-0.613121550647985
9.47545061794829,-13.6446488898455,16.204661877067,6.12490547523809,-0.168467000959207,0.757988371699211
3.89853585692986,-5.61389163397899,17.1529505287365,6.12083105539831,-0.0824336164049094,-0.606476517285363
3.89853585692986,-5.61389163397899,17.2759280911551,6.10451220760927,-0.187113771509396,-0.785398163396176
3.89853585692986,-5.61389163397899,17.275928091156,6.1045122076091,-0.18711377151028,-0.785398163397448
2.69214742011025,-3.87669228495876,17.5273140012096,6.02122929670068,-0.452716214069862,-0.785398163397448
2.69214742011025,-3.87669228495876,17.6839902487592,5.92636851997572,-0.636128899434993,-0.785398163397448
6.92168979296539,9.96723330187017,17.7507394132164,5.87249805962096,-0.72193095608089,-0.785398163397448
2.84035036938281,-4.09010453191125,18.1792551196685,5.33067405346476,-0.947107053319177,0.211325166789547
7.76865821693496,-11.1868678323863,18.3476075990144,5.10191257781498,-0.94514237321273,-0.197685286401584
7.76865821693496,-11.1868678323863,18.5541448096339,4.75390343725943,-1.16343795445916,-0.785398163394951
7.76865821693496,-11.1868678323863,18.5541448096346,4.75390343725776,-1.16343795446074,-0.785398163397448
7.8386520258331,11.2876589171997,18.6352283039105,4.39633507917967,-1.53216983379598,-0.785398163397448
7.8386520258331,11.2876589171997,18.6005759772854,4.02663976960378,-1.7509849205559,-0.249640305398094
4.22459817688195,-6.08342137471001,18.5223990947739,3.62234093794074,-1.73108434252949,0.343367728322494
2.82155885492524,-4.06304475109235,18.4676894241595,3.20346277426821,-1.71398430495081,-0.264974409148516
1.93967472852193,2.79313160907157,18.4106886259918,2.92737789977635,-1.85916766885224,-0.671278884257742
0.113162268005853,0.162953665928428,18.3438430482425,2.74540658282974,-1.97424980823491,-0.39196572335058
0,2.76226325908781,18.3393763803598,2.73500919642066,-1.97881994601313,-0.375670356757737
0,14.1585954888531,18.3393763803598,2.73500919642066,-1.97881994601313,-0.0994440308489621
0,14.1585954888531,18.3393763803598,2.73500919642066,-1.97881994601313,0.785398163394244
0,14.1585954888531,18.3393763803598,2.73500919642066,-1.97881994601313,0.785398163397448
0,3.51438115402795,18.3393763803598,2.73500919642066,-1.97881994601313,0.785398163397448
0,3.51438115402795,18.3393763803598,2.73500919642066,-1.97881994601313,0.785398163397448
8.19726093588269,11.8040557476711,18.3393763803598,2.73500919642066,-1.97881994601313,0.785398163397448
1.36454938043121,1.96495110782094,18.3408418742681,1.9380433156993,-1.15909385242485,0.785398163397448
3.98143690730512,-5.73326914651937,18.4037965748395,1.81709794852967,-1.02263891438173,0.785398163397448
6.01010107715153,8.65454555109821,18.6555151688491,1.50970235040989,-0.797688132522674,0.212071248745523
6.01010107715153,8.65454555109821,18.9567425792343,1.25044060203843,-0.574158868101598,0.785398163395493
6.01010107715153,8.65454555109821,18.9567425792355,1.25044060203769,-0.574158868100239,0.785398163397448
1.76880368579589,2.54707730754608,19.1370511890236,1.15823084746533,-0.37129245111559,0.785398163397448
1.76880368579589,2.54707730754608,19.1933009203321,1.1382420529388,-0.311587820281541,0.785398163397448
8.28354717152358,-11.928307926994,19.3066815796929,1.10892862551074,-0.194412082536005,0.785398163397448
1.57731179687069,-2.2713289874938,20.1342956184305,1.10062615278128,-0.0127930852964243,-0.407432629301965
9.87937000574515,-14.226292808273,20.2917397321272,1.09206472650121,-0.103834647942119,-0.634565528051348
9.87937000574515,-14.226292808273,20.3946573199419,1.07667283842867,-0.196067677310697,-0.785398163397421
9.87937000574515,-14.226292808273,20.3946573199441,1.07667283842823,-0.196067677312966,-0.785398163397448
9.87937000574515,-14.226292808273,20.8138295755749,0.885149445748396,-0.661100819951981,-0.785398163397448
2.57168655869164,3.70322864451596,21.0814521454955,0.567813697856394,-1.07925979222822,-0.785398163397448
2.57168655869164,3.70322864451596,21.1705868522722,0.356180027718481,-1.24565089222626,-0.454338355265674
2.33599193037301,-3.36382837973713,21.1791302663056,0.330287258131316,-1.25831330273987,-0.415075298945847
2.33599193037301,-3.36382837973713,21.2134181924182,0.211318593817405,-1.32688506266,-0.593398318940086
1.01637377916666,1.463578242,21.2354797456827,0.103830640590446,-1.41457927619473,-0.751458136919553
0,3.1595132939329,21.2469466131996,0.00287091936976215,-1.49672279444235,-0.605100312719552
6.34717439596875,-9.13993113019501,21.2469466131996,0.00287091936976215,-1.49672279444235,-0.289148983326257
6.34717439596875,-9.13993113019501,21.2425949346342,-0.340657734984502,-1.70592907083254,-0.785398163395372
6.34717439596875,-9.13993113019501,21.242594934634,-0.340657734985945,-1.70592907083394,-0.785398163397448
6.96007304683331,-10.02250518744,21.1626542414313,-0.618468656021155,-1.99602902427025,-0.785398163397448
6.96007304683331,-10.02250518744,20.9879201413715,-0.882690503888996,-2.31414173724093,-0.785398163397448
0,11.4446853035338,20.6862774692037,-1.10657588992521,-2.69203632895359,-0.785398163397448
6.96242811948174,-10.0258964920537,20.6862774692037,-1.10657588992521,-2.69203632895359,0.359070366955904
7.52940412961384,10.8423419466439,20.0621980843534,-1.4140913560125,-2.80125805095736,-0.643519282249481
6.69520641988851,9.64109724463946,19.3284550624882,-1.58141089960303,-2.88655478596768,0.440714912414928
6.69520641988851,9.64109724463946,19.1023930545587,-1.65893650475196,-2.71582339517336,0.785398163397433
6.69520641988851,9.64109724463946,19.1023930545573,-1.65893650475259,-2.71582339517185,0.785398163397448
6.33429906625967,9.12139065541392,18.7602359351063,-1.91413868337284,-2.28566612192239,0.785398163397448
6.33429906625967,9.12139065541392,18.5624425257183,-2.26659942758853,-1.8786966211472,0.785398163397448
0.564406626189317,-0.812745541712616,18.5187289242004,-2.48830787884858,-1.65223621529641,0.785398163397448
5.98216636384938,-8.61431956394311,18.5156440581989,-2.54465778762553,-1.60015288394595,0.704123609226188
2.27007721656471,-3.26891119185319,18.5808410341064,-3.13846284614856,-1.42014778330985,-0.157308347168135
3.18777880314168,-4.59040147652403,18.6078924817199,-3.36379710961569,-1.49632083371755,-0.484199466353458
3.18777880314168,-4.59040147652403,18.6088825610996,-3.57275578229666,-1.65213630437306,-0.785398163397445
3.18777880314168,-4.59040147652403,18.6088825610995,-3.57275578229739,-1.65213630437379,-0.785398163397448
6.99834440229384,10.0776159393031,18.5940128118125,-3.68129924013173,-1.76174842285112,-0.785398163397448
6.99834440229384,10.0776159393031,18.5259174258441,-3.91179592733003,-1.93328112416732,-0.438878250780138
1.17436935248523,1.69109186757872,18.3409688143149,-4.33201306972442,-1.98511595292877,0.222363430532878
0,-10.9810183956199,18.2955114931526,-4.44028799544138,-1.94779842459613,0.391472617290747
0,-7.57617518435054,18.2955114931526,-4.44028799544138,-1.94779842459613,-0.706629222271263
0,-7.57617518435054,18.2955114931526,-4.44028799544138,-1.94779842459613,-0.785398163397443
0,-7.57617518435054,18.2955114931526,-4.44028799544138,-1.94779842459613,-0.785398163397448
5.53911345803138,-7.97632337956518,18.2955114931526,-4.44028799544138,-1.94779842459613,-0.785398163397448
5.53911345803138,-7.97632337956518,18.0080216734032,-4.83862115422407,-2.4441200115487,-0.785398163397448
0,8.46704035199575,17.9628405699494,-4.87431893670985,-2.50170977039925,-0.785398163397448
0,8.46704035199575,17.9628405699494,-4.87431893670985,-2.50170977039925,-0.345242156715249
0,-4.74719599259421,17.9628405699494,-4.87431893670985,-2.50170977039925,0.0613058718021388
7.02989411867684,10.1230475308947,17.9628405699494,-4.87431893670985,-2.50170977039925,-0.413413727457272
1.43045260171893,-2.05985174647526,17.3878833906852,-5.2782397713554,-2.43003823582819,0.598891025632208
1.61687709000748,-2.32830300961076,17.2835979573657,-5.3760977697214,-2.35229647664838,0.392905850984679
4.85325175563491,6.98868252811426,17.172799693658,-5.49383471052893,-2.30619085863866,0.160075550023608
4.85325175563491,6.98868252811426,16.910849968245,-5.83899735647582,-2.07452528362802,0.785398163397433
4.85325175563491,6.98868252811426,16.9108499682445,-5.83899735647679,-2.07452528362691,0.785398163397448
8.60225695585937,-12.3872500164375,16.8873498398341,-5.88433680035987,-2.02345192290745,0.785398163397448
8.60225695585937,-12.3872500164375,16.8511840450402,-5.96729879334309,-1.94381938660885,0.655040514491827
8.60225695585937,-12.3872500164375,16.7951278303186,-6.13936619592904,-1.8382262504792,0.394325216680584
8.60225695585937,-12.3872500164375,16.7139053058544,-6.49219671630979,-1.78839990835987,-0.127105378941901
8.13265712844797,-11.7110262649651,16.658964931889,-6.71193037528319,-1.85671795676667,-0.453326838246275
8.13265712844797,-11.7110262649651,16.5779255732803,-6.9275431501016,-2.02344945870151,-0.785398163394805
8.13265712844797,-11.7110262649651,16.5779255732795,-6.92754315010327,-2.02344945870336,-0.785398163397448
8.13265712844797,-11.7110262649651,16.444478948581,-7.13321740505697,-2.26924091015992,-0.785398163397448
8.13265712844797,-11.7110262649651,16.2649975597191,-7.30023935525028,-2.51503236161649,-0.785398163397448
5.56835782507824,8.01843526811266,16.1888917792388,-7.35021264076461,-2.60611008463761,-0.785398163397448
5.56835782507824,8.01843526811266,15.9044769554742,-7.4767178275407,-2.80672984448826,-0.33640540809159
7.38996608992571,10.641551169493,15.6709475221906,-7.55086432258737,-2.84669496575048,0.0164453634138291
7.38996608992571,10.641551169493,15.1743299995374,-7.74497039379163,-2.60900950173036,0.785398163395049
7.38996608992571,10.641551169493,15.1743299995359,-7.74497039379249,-2.60900950172868,0.785398163397448
3.16007338145751,-4.55050566929882,15.0095880447549,-7.86637374783911,-2.40400789272476,0.785398163397448
3.16007338145751,-4.55050566929882,14.9471565000418,-7.92788078414041,-2.32658487554903,0.659164704050535
3.16007338145751,-4.55050566929882,14.8344348589289,-8.06206218676803,-2.22242013080155,0.406697785356709
0,-1.94878390522151,14.8027293268195,-8.10455787539832,-2.20193387460903,0.33034759646756
0,-1.94878390522151,14.8027293268195,-8.10455787539832,-2.20193387460903,0.166860250136309
5.285482679161,7.61109505799184,14.8027293268195,-8.10455787539832,-2.20193387460903,0.135469205945413
5.285482679161,7.61109505799184,14.5792313136833,-8.46594233684348,-1.99236758568973,0.748467447223929
5.285482679161,7.61109505799184,14.5690237580037,-8.48946898290203,-1.96764552287917,0.785398163394017
5.285482679161,7.61109505799184,14.5690237580028,-8.48946898290424,-1.96764552287677,0.785398163397448
0,4.4746396689092,14.5419587097811,-8.56175804140994,-1.89043680874684,0.785398163397448
0,4.4746396689092,14.5419587097811,-8.56175804140994,-1.89043680874684,0.785398163397448
0,4.4746396689092,14.5419587097811,-8.56175804140994,-1.89043680874684,0.785398163397448
0,-8.46891535691401,14.5419587097811,-8.56175804140994,-1.89043680874684,0.785398163397448
5.18083587064447,-7.46040365372803,14.5419587097811,-8.56175804140994,-1.89043680874684,-0.0614933722939643
5.18083587064447,-7.46040365372803,14.3461377078659,-9.02346134771762,-2.12980655364939,-0.785398163394066
5.18083587064447,-7.46040365372803,14.3461377078646,-9.02346134771962,-2.12980655365175,-0.785398163397448
0,-6.20420820703926,14.337885406795,-9.03643019503767,-2.14517848022763,-0.785398163397448
0,-6.20420820703926,14.337885406795,-9.03643019503767,-2.14517848022763,-0.785398163397448
0,-6.20420820703926,14.337885406795,-9.03643019503767,-2.14517848022763,-0.785398163397448
0,-6.20420820703926,14.337885406795,-9.03643019503767,-2.14517848022763,-0.785398163397448
0,-6.20420820703926,14.337885406795,-9.03643019503767,-2.14517848022763,-0.785398163397448
0,-6.20420820703926,14.337885406795,-9.03643019503767,-2.14517848022763,-0.785398163397448
2.58842757557911,3.72733570883392,14.337885406795,-9.03643019503767,-2.14517848022763,-0.785398163397448
2.58842757557911,3.72733570883392,14.2774682302955,-9.12079846305857,-2.23481163272254,-0.635919197012396
3.70226275813871,5.33125837171974,14.1760958179978,-9.2380337626304,-2.32496683669201,-0.412664592514051
3.93017603733119,5.65945349375692,13.9107703978003,-9.49615658690986,-2.38080468314445,0.120461244657931
4.46865942537256,6.43486957253649,13.6444040069975,-9.78446504725897,-2.20752568639412,0.686406594033631
4.46865942537256,6.43486957253649,13.6055637402905,-9.84062687493605,-2.14363972310266,0.785398163394568
4.46865942537256,6.43486957253649,13.6055637402894,-9.84062687493774,-2.14363972310058,0.785398163397448
4.75896223669823,-6.85290562084546,13.4648253462843,-10.1891571915925,-1.76551792595492,0.785398163397448
4.75896223669823,-6.85290562084546,13.4424364366897,-10.5903675505976,-1.53960410101781,0.205530077163144
3.87831218721266,-5.58476954958624,13.4451807377423,-10.6635257579777,-1.52831760878708,0.100107601312893
3.87831218721266,-5.58476954958624,13.4559026949489,-10.9616269297417,-1.56322361402527,-0.329462179408702
2.79293048325597,4.0218198958886,13.4550136464404,-11.0511362005139,-1.60049176317491,-0.458369353645739
0.782632083065171,1.12699019961385,13.4335103670193,-11.3295333041078,-1.67505496509162,-0.0561873640568736
0,-5.32428490990972,13.4253087741049,-11.4073655788154,-1.67504226161788,0.0565116559045126
0,-3.65648085272707,13.4253087741049,-11.4073655788154,-1.67504226161788,-0.47591683508643
0,-3.65648085272707,13.4253087741049,-11.4073655788154,-1.67504226161788,-0.785398163395786
0,-3.65648085272707,13.4253087741049,-11.4073655788154,-1.67504226161788,-0.785398163397448
0,-9.67369178387974,13.4253087741049,-11.4073655788154,-1.67504226161788,-0.785398163397448
0,-9.67369178387974,13.4253087741049,-11.4073655788154,-1.67504226161788,-0.785398163397448
0,-9.67369178387974,13.4253087741049,-11.4073655788154,-1.67504226161788,-0.785398163397448
6.76236921304947,-9.73781166679124,13.4253087741049,-11.4073655788154,-1.67504226161788,-0.785398163397448
0,7.40068376036393,13.1413114925095,-12.0069309706681,-2.35127918292283,-0.785398163397448
0,-10.4919604365211,13.1413114925095,-12.0069309706681,-2.35127918292283,-0.0453297873610451
0,-10.4919604365211,13.1413114925095,-12.0069309706681,-2.35127918292283,-0.785398163392679
0,-10.4919604365211,13.1413114925095,-12.0069309706681,-2.35127918292283,-0.785398163397448
0,-10.3790566097847,13.1413114925095,-12.0069309706681,-2.35127918292283,-0.785398163397448
0,-10.3790566097847,13.1413114925095,-12.0069309706681,-2.35127918292283,-0.785398163397448
0,-10.3790566097847,13.1413114925095,-12.0069309706681,-2.35127918292283,-0.785398163397448
9.44752823070042,-13.6044406522086,13.1413114925095,-12.0069309706681,-2.35127918292283,-0.785398163397448
9.44752823070042,-13.6044406522086,12.6702642670766,-12.27419819311,-2.89971441046555,-0.785398163397448
4.60697338199568,-6.63404167007377,12.2769115049602,-12.2914063289005,-3.29603200599289,-0.785398163397448
9.40163120133878,13.5383489299278,11.8536674895823,-12.1200029901567,-3.75672934419246,-0.785398163397448
3.21560090091806,-4.63046529732201,11.1957174456874,-11.4474033995091,-3.87895339245043,0.568436729595356
4.60434172982552,-6.63025209094875,10.9429650706777,-11.2489059626328,-3.76400203371386,0.105390199863182
5.1714531775431,7.44689257566207,10.5766284911316,-10.9704089151148,-3.87421875670882,-0.557635009231703
6.61355496692171,9.52351915236726,10.2231997956266,-10.5932446579124,-3.97608684927927,0.187054248334514
6.61355496692171,9.52351915236726,9.9190438568542,-10.3113396679337,-3.75018541997274,0.785398163393144
6.61355496692171,9.52351915236726,9.91904385685172,-10.3113396679319,-3.75018541996978,0.785398163397448
0,-5.78639383659996,9.70218063935129,-10.1968698759837,-3.50434653096021,0.785398163397448
0,-5.78639383659996,9.70218063935129,-10.1968698759837,-3.50434653096021,0.570306485884157
6.05639703853819,-8.721211735495,9.70218063935129,-10.1968698759837,-3.50434653096021,0.206758779737444
9.86502671142343,14.2056384644497,9.14261175877822,-9.96690730268375,-3.65601786740224,-0.665362393812006
0,2.16567200672146,8.33894075056858,-9.39398553849285,-3.60226045703392,0.755201452632988
0,2.16567200672146,8.33894075056858,-9.39398553849285,-3.60226045703392,0.785398163397442
0,2.16567200672146,8.33894075056858,-9.39398553849285,-3.60226045703392,0.785398163397448
0,9.64941696750439,8.33894075056858,-9.39398553849285,-3.60226045703392,0.785398163397448
0,9.64941696750439,8.33894075056858,-9.39398553849285,-3.60226045703392,0.785398163397448
3.43817558765326,4.9509728462207,8.33894075056858,-9.39398553849285,-3.60226045703392,0.785398163397448
3.43817558765326,4.9509728462207,8.11356998036181,-9.31405594241023,-3.36256212446339,0.785398163397448
5.4171016884116,7.8006264313127,8.01097887017739,-9.29656059130884,-3.25844289826859,0.785398163397448
0,-7.52843107261156,7.48220119839881,-9.3786448453263,-2.71673272942746,0.785398163397448
8.29238707120176,11.9410373825305,7.48220119839881,-9.3786448453263,-2.71673272942746,0.0325550561362815
8.29238707120176,11.9410373825305,7.0254644329762,-9.63102998505723,-2.48545123837397,0.785398163397438
8.29238707120176,11.9410373825305,7.02546443297314,-9.63102998505957,-2.48545123837034,0.785398163397448
0.149505687947155,-0.215288190643903,6.81486429127991,-9.85197129694285,-2.17902024462973,0.785398163397448
0.149505687947155,-0.215288190643903,6.81171987659049,-9.85651389428874,-2.17353923870159,0.777442556208206
2.74209732783125,-3.948620152077,6.80641209620982,-9.86430320342105,-2.16438702166091,0.763869344333058
6.42978885976122,9.25889595805616,6.67708211356567,-10.1056904332156,-1.98673662918635,0.369007329125353
6.42978885976122,9.25889595805616,6.58366967656929,-10.3768785764451,-1.79518587217656,0.785398163397419
6.42978885976122,9.25889595805616,6.58366967656863,-10.376878576448,-1.79518587217382,0.785398163397448
5.4613660068537,-7.86436704986932,6.56696404718617,-10.7284578070985,-1.44136728777848,0.785398163397448
5.4613660068537,-7.86436704986932,6.63925674993612,-11.0196651952932,-1.24479296895117,0.352637573984651
9.17847719005238,13.2170071536754,6.72475282702305,-11.2498901906177,-1.20068932702933,-0.00103854158949496
9.17847719005238,13.2170071536754,6.95995341129026,-11.7415740117488,-0.96084635900066,0.785398163391502
9.17847719005238,13.2170071536754,6.95995341129266,-11.7415740117522,-0.960846358996454,0.785398163397448
0,-3.83923182293737,7.22398783519773,-12.0001690502059,-0.589135240676625,0.785398163397448
0,-3.83923182293737,7.22398783519773,-12.0001690502059,-0.589135240676625,0.629916472388858
0,13.9692481083652,7.22398783519773,-12.0001690502059,-0.589135240676625,0.401474981103706
0,13.9692481083652,7.22398783519773,-12.0001690502059,-0.589135240676625,0.785398163397427
0,13.9692481083652,7.22398783519773,-12.0001690502059,-0.589135240676625,0.785398163397448
2.46733145437545,3.55295729430064,7.22398783519773,-12.0001690502059,-0.589135240676625,0.785398163397448
2.46733145437545,3.55295729430064,7.38082552641584,-12.0857835076879,-0.410212884796579,0.785398163397448
0,12.1532453109293,7.4438793721094,-12.1106984421859,-0.342402095239095,0.785398163397448
6.94023665829573,9.99394078794585,7.4438793721094,-12.1106984421859,-0.342402095239095,0.785398163397448
0,-6.5628230058415,8.12405063518319,-12.1075631814818,0.351621570590488,0.785398163397448
8.17101331808186,11.7662591780379,8.12405063518319,-12.1075631814818,0.351621570590488,0.129115862813289
8.17101331808186,11.7662591780379,8.53629195365294,-11.9151075148144,0.584691480712973,0.785398163397394
8.17101331808186,11.7662591780379,8.53629195365605,-11.9151075148123,0.58469148071668,0.785398163397448
0,-0.318005282579924,8.7954561942794,-11.6661237675928,0.946041214893311,0.785398163397448
0,-0.318005282579924,8.7954561942794,-11.6661237675928,0.946041214893311,0.771334898554552
0,2.31478432077672,8.7954561942794,-11.6661237675928,0.946041214893311,0.753597635139458
0,2.31478432077672,8.7954561942794,-11.6661237675928,0.946041214893311,0.785398163397439
0,2.31478432077672,8.7954561942794,-11.6661237675928,0.946041214893311,0.785398163397448
7.06949950990709,-10.1800792942662,8.7954561942794,-11.6661237675928,0.946041214893311,0.785398163397448
7.06949950990709,-10.1800792942662,9.0613614795566,-11.1188825972268,1.18379628217052,-0.0927557431853278
7.07826300853783,10.1926987322945,9.09862818880833,-11.029197319475,1.16782878188264,-0.232609766029188
7.07826300853783,10.1926987322945,9.28907110914278,-10.5819584302149,1.22770336280961,0.467527177967791
7.07826300853783,10.1926987322945,9.34814218034771,-10.3695143175979,1.38954548892287,0.785398163392843
7.07826300853783,10.1926987322945,9.34814218034829,-10.3695143175948,1.38954548892609,0.785398163397448
4.36638449522033,6.28759367311727,9.34829977350442,-10.3686522541224,1.39042183878914,0.785398163397448
4.36638449522033,6.28759367311727,9.34839661158326,-10.3681204022805,1.39096243475877,0.785398163397448
4.36638449522033,6.28759367311727,9.34858942511943,-10.3670565419344,1.39204362669804,0.785398163397448
4.36638449522033,6.28759367311727,9.34897160091861,-10.3649281989464,1.39420601057657,0.785398163397448
4.36638449522033,6.28759367311727,9.34972214119802,-10.3606690586236,1.39853077833363,0.785398163397448
4.36638449522033,6.28759367311727,9.35116792780102,-10.352141239484,1.40718031384777,0.785398163397448
4.36638449522033,6.28759367311727,9.35383795385241,-10.3350496814374,1.42447938487603,0.785398163397448
4.36638449522033,6.28759367311727,9.35828913704319,-10.3007408050392,1.45907752693255,0.785398163397448
4.36638449522033,6.28759367311727,9.36361924817697,-10.231763957888,1.52827381104559,0.785398163397448
4.36638449522033,6.28759367311727,9.35993117940363,-10.0935309936578,1.66666637927168,0.785398163397448
5.82421116802106,-8.38686408195033,9.3318668884833,-9.93578595961292,1.82706028831118,0.785398163397448
7.51710092998906,-10.8246253391842,9.09199836904615,-9.40656082724335,2.06680726089705,-0.053288244797537
7.51710092998906,-10.8246253391842,8.88728056615943,-8.94201865309909,1.83127421095996,-0.785398163392578
7.51710092998906,-10.8246253391842,8.88728056615854,-8.94201865309576,1.83127421095658,-0.785398163397448
0,-14.2780756696491,8.85369510779834,-8.70165292032474,1.58797378365208,-0.785398163397448
0,-14.2780756696491,8.85369510779834,-8.70165292032474,1.58797378365208,-0.785398163397448
6.9567915224269,10.0177797922947,8.85369510779834,-8.70165292032474,1.58797378365208,-0.785398163397448
0,-4.02496909761101,8.96621019970071,-8.01651760400637,1.36355732370644,0.21637981583204
0,-10.8556235483175,8.96621019970071,-8.01651760400637,1.36355732370644,-0.186117093929068
0,-10.8556235483175,8.96621019970071,-8.01651760400637,1.36355732370644,-0.785398163392578
0,-10.8556235483175,8.96621019970071,-8.01651760400637,1.36355732370644,-0.785398163397448
0,-2.46497657264815,8.96621019970071,-8.01651760400637,1.36355732370644,-0.785398163397448
0,-2.46497657264815,8.96621019970071,-8.01651760400637,1.36355732370644,-0.785398163397448
0,-0.0612564973818401,8.96621019970071,-8.01651760400637,1.36355732370644,-0.785398163397448
0,-7.13795149658711,8.96621019970071,-8.01651760400637,1.36355732370644,-0.785398163397448
0,-1.15080313959662,8.96621019970071,-8.01651760400637,1.36355732370644,-0.785398163397448
1.63081055583004,-2.34836720039526,8.96621019970071,-8.01651760400637,1.36355732370644,-0.785398163397448
0,-13.0075370431913,9.01260138329077,-7.86036255949743,1.20047626812343,-0.785398163397448
7.82992008041121,11.2750849157921,9.01260138329077,-7.86036255949743,1.20047626812343,-0.785398163397448
7.46679147121813,-10.7521797185541,9.4240956614725,-7.19542883095483,1.00105344695622,0.342110328181782
4.36425676306908,6.28452973881947,9.83115756556244,-6.57068936765771,0.836252902844132,-0.733107643673643
0.0634169020054009,0.0913203388877773,10.1624894214513,-6.28778623329535,0.63385315861523,-0.104654669791687
0,8.42093568687371,10.1676004614602,-6.2840319952544,0.633216294864234,-0.095522635902909
0,-7.46608928640657,10.1676004614602,-6.2840319952544,0.633216294864234,0.746570932784414
0,0.962636635155714,10.1676004614602,-6.2840319952544,0.633216294864234,-3.79958562533034e-05
5.440227126442,7.83392706207648,10.1676004614602,-6.2840319952544,0.633216294864234,0.0962256676593194
5.440227126442,7.83392706207648,10.5275975546058,-5.97030319289969,0.870518507235137,0.785398163393897
5.440227126442,7.83392706207648,10.5275975546074,-5.9703031928978,0.870518507237621,0.785398163397448
3.897314110723,-5.61213231944113,10.5680967464329,-5.91892746873272,0.935949208952565,0.785398163397448
3.897314110723,-5.61213231944113,10.5950403732228,-5.88057593452405,0.979792456206005,0.717899923481442
3.897314110723,-5.61213231944113,10.6443167562585,-5.80084701113698,1.05129081072611,0.582903443649429
3.897314110723,-5.61213231944113,10.7290170180944,-5.63364620658286,1.14205807090638,0.312910483985404
2.15825892154046,-3.10789284701827,10.7541275788197,-5.57738100698994,1.15902619254755,0.224184931453328
2.15825892154046,-3.10789284701827,10.8204868852584,-5.42021214741494,1.17646503346597,-0.021487741932288
3.85769433055897,5.55507983600492,10.8379007421689,-5.37847974882417,1.17401782860869,-0.0866043532484814
6.26861370460531,9.02680373463165,10.9799767667189,-5.01993946191073,1.25072771241542,0.468903630352018
6.26861370460531,9.02680373463165,11.0337083062029,-4.80737576121789,1.41222744199601,0.785398163393397
6.26861370460531,9.02680373463165,11.0337083062033,-4.80737576121507,1.41222744199882,0.785398163397448
0,-9.4903679541733,11.015535340544,-4.40351576798211,1.81930094228888,0.785398163397448
0,-9.4903679541733,11.015535340544,-4.40351576798211,1.81930094228888,0.16910922230226
0,-10.2142057905971,11.015535340544,-4.40351576798211,1.81930094228888,-0.163638632019895
0,-10.2142057905971,11.015535340544,-4.40351576798211,1.81930094228888,-0.785398163392807
0,-10.2142057905971,11.015535340544,-4.40351576798211,1.81930094228888,-0.785398163397448
0,7.75672256562706,11.015535340544,-4.40351576798211,1.81930094228888,-0.785398163397448
0,7.75672256562706,11.015535340544,-4.40351576798211,1.81930094228888,-0.48189342394798
2.80288923196629,-4.03616049403146,11.015535340544,-4.40351576798211,1.81930094228888,-0.0097259068347863
8.15932165745614,11.7494231867368,10.9522112158068,-4.13052071674462,1.75823991034234,-0.413341956237938
3.71909686537417,5.35549948613881,10.8066677939947,-3.32882320749837,1.9217873377796,0.761600362435763
3.71909686537417,5.35549948613881,10.8008639671812,-3.31337267533661,1.93802439922763,0.785398163395048
3.71909686537417,5.35549948613881,10.8008639671806,-3.31337267533504,1.93802439922934,0.785398163397448
0,-9.87986353499809,10.6176190147656,-3.01105660825815,2.29340783509891,0.785398163397448
3.10168938390058,-4.46643271281684,10.6176190147656,-3.01105660825815,2.29340783509891,-0.202588190102374
0.0934752170431778,0.134604312542176,10.426401298804,-2.76718283465975,2.14979368563478,-0.649231461384032
0,1.49468089635236,10.4213140142708,-2.75934093809746,2.14279747211459,-0.635771030129815
5.20960069038421,-7.50182499415326,10.4213140142708,-2.75934093809746,2.14279747211459,-0.486302940494576
5.20960069038421,-7.50182499415326,10.3219392282143,-2.5779359559182,1.98695291918795,-0.785398163397437
5.20960069038421,-7.50182499415326,10.3219392282134,-2.57793595591603,1.98695291918564,-0.785398163397448
7.75880328740869,11.1726767338685,10.2418783023103,-2.2764079154909,1.67369786605434,-0.785398163397448
7.75880328740869,11.1726767338685,10.2645765264755,-1.81149996905154,1.43749072240354,-0.113581329077149
2.20685147783107,3.17786612807674,10.3040034405619,-1.50470137690874,1.47196702121607,0.331869509989419
0.552787906747678,0.796014585716657,10.3143226711843,-1.28438852161822,1.59118871900836,0.649656122797074
0,-1.01714213984885,10.3119696685723,-1.22916462784107,1.63680231833303,0.729257581368741
1.60273919422307,2.30794443968122,10.3119696685723,-1.22916462784107,1.63680231833303,0.627543367383854
1.60273919422307,2.30794443968122,10.2998912839805,-1.12025085699292,1.73068982325883,0.785398163397448
1.60273919422307,2.30794443968122,10.2998912839804,-1.12025085699221,1.73068982325955,0.785398163397448
7.23763730713988,-10.4221977222814,10.2905639818719,-1.07047001677245,1.78134235656058,0.785398163397448
7.23763730713988,-10.4221977222814,10.222372275534,-0.85240850106041,1.94716257585109,0.45601786303381
0,-4.27711838384956,10.0148177349671,-0.403097759256072,1.99886505919825,-0.256821608830709
0.506025944140752,-0.728677359562683,10.0148177349671,-0.403097759256072,1.99886505919825,-0.68453344721564
4.77804317361584,6.88038217000681,9.9948176845363,-0.356619828325114,1.95436156075327,-0.75740118317191
0,6.58313130446856,9.88171306344609,0.106611170247733,1.73424623396696,-0.0693629661712188
0,-7.48783420300476,9.88171306344609,0.106611170247733,1.73424623396696,0.588950164275646
4.46489576458228,6.42944990099848,9.88171306344609,0.106611170247733,1.73424623396696,-0.159833256024841
0,-2.16448608141601,9.80352937288128,0.546071339684185,1.80974219797041,0.483111734074971
0,4.11757035894206,9.80352937288128,0.546071339684185,1.80974219797041,0.266663125933366
8.33682134670057,-12.0050227392488,9.80352937288128,0.546071339684185,1.80974219797041,0.678420161827578
6.95637399654667,10.0171785550272,9.50415041677601,1.32390196314634,1.88439998999881,-0.522082112097322
5.77775995981775,8.31997434213756,9.33600013774745,1.99872952838643,1.86823976109147,0.479635743405413
5.77775995981775,8.31997434213756,9.25984157302962,2.19472607581097,2.02780727776109,0.785398163393674
5.77775995981775,8.31997434213756,9.25984157302846,2.19472607581333,2.02780727776361,0.785398163397448
0,-9.80876830602473,9.04289253876939,2.48627468547753,2.39324825986198,0.785398163397448
0,-9.80876830602473,9.04289253876939,2.48627468547753,2.39324825986198,0.16499753272774
0,4.76891935764296,9.04289253876939,2.48627468547753,2.39324825986198,-0.195478667205039
0.574752711958602,-0.827643905220387,9.04289253876939,2.48627468547753,2.39324825986198,0.281413268559264
0,14.211115039052,9.00048357322145,2.52506684719266,2.40732382888521,0.198648878037224
0,14.211115039052,9.00048357322145,2.52506684719266,2.40732382888521,0.785398163397401
0,14.211115039052,9.00048357322145,2.52506684719266,2.40732382888521,0.785398163397448
0,-7.81046134746189,9.00048357322145,2.52506684719266,2.40732382888521,0.785398163397448
0,-7.81046134746189,9.00048357322145,2.52506684719266,2.40732382888521,0.3268307786588
0.0165741611349276,0.0238667920342958,9.00048357322145,2.52506684719266,2.40732382888521,0.00435202865130341
0,12.3291737204088,8.99925323390967,2.52617738460812,2.40733301996648,0.00673870785473302
0,12.3291737204088,8.99925323390967,2.52617738460812,2.40733301996648,0.785398163397416
0,12.3291737204088,8.99925323390967,2.52617738460812,2.40733301996648,0.785398163397448
0.293554798836613,-0.422718910324722,8.99925323390967,2.52617738460812,2.40733301996648,0.785398163397448
0.293554798836613,-0.422718910324722,8.99118575666753,2.53338125395928,2.41798206634761,0.769823444781206
0,-5.43672582760301,8.97718409420791,2.54553301381227,2.43548114018627,0.743126272364975
0,7.05098452374851,8.97718409420791,2.54553301381227,2.43548114018627,0.199453689604667
0,7.05098452374851,8.97718409420791,2.54553301381227,2.43548114018627,0.785398163394252
0,7.05098452374851,8.97718409420791,2.54553301381227,2.43548114018627,0.785398163397448
5.76172961190423,-8.2968906411421,8.97718409420791,2.54553301381227,2.43548114018627,0.785398163397448
5.76172961190423,-8.2968906411421,8.90038903493719,2.60534243737943,2.52031541304141,0.645189724927294
5.76172961190423,-8.2968906411421,8.73558425247116,2.70889648629347,2.62889373841685,0.364772847986985
0,10.6410056752344,8.48355742408101,2.83990562672306,2.67547612571362,-0.0442909007167734
0,10.6410056752344,8.48355742408101,2.83990562672306,2.67547612571362,0.785398163392637
0,10.6410056752344,8.48355742408101,2.83990562672306,2.67547612571362,0.785398163397448
6.79332198891478,9.78238366403728,8.48355742408101,2.83990562672306,2.67547612571362,0.785398163397448
6.79332198891478,9.78238366403728,8.34534686807835,2.89692648173874,2.82512671976137,0.785398163397448
6.79332198891478,9.78238366403728,8.05130082890948,2.94643798515218,3.12442790785687,0.785398163397448
5.36266769066577,-7.72224147455871,7.8225330837445,2.92394081675797,3.35480832460511,0.785398163397448
0,0.51246290826819,7.32498382812291,2.72733526107849,3.59546327063174,0.0131740159415661
1.22506893296962,1.76409926347625,7.32498382812291,2.72733526107849,3.59546327063174,0.0644203067683822
0,14.0163212454022,7.21529301580662,2.67278795240816,3.61435765550725,0.24083023311601
0,14.0163212454022,7.21529301580662,2.67278795240816,3.61435765550725,0.785398163397434
0,14.0163212454022,7.21529301580662,2.67278795240816,3.61435765550725,0.785398163397448
0,-2.71117147557026,7.21529301580662,2.67278795240816,3.61435765550725,0.785398163397448
0,-2.71117147557026,7.21529301580662,2.67278795240816,3.61435765550725,0.619616575239852
3.51318743709158,-5.05898990941187,7.21529301580662,2.67278795240816,3.61435765550725,0.514281015840418
0,-8.84340748528177,6.91354115031682,2.49314596070967,3.71052810459603,0.00838202489922402
0,-8.84340748528177,6.91354115031682,2.49314596070967,3.71052810459603,-0.785398163393477
0,-8.84340748528177,6.91354115031682,2.49314596070967,3.71052810459603,-0.785398163397448
0,8.7496051307533,6.91354115031682,2.49314596070967,3.71052810459603,-0.785398163397448
0,8.7496051307533,6.91354115031682,2.49314596070967,3.71052810459603,-0.695798182421411
0,8.7496051307533,6.91354115031682,2.49314596070967,3.71052810459603,-0.516598220469338
0,8.7496051307533,6.91354115031682,2.49314596070967,3.71052810459603,-0.158198296565191
0,-1.81343257064625,6.91354115031682,2.49314596070967,3.71052810459603,0.0895623496778938
0,-7.96121485156995,6.91354115031682,2.49314596070967,3.71052810459603,-0.0917809073867341
0,-7.96121485156995,6.91354115031682,2.49314596070967,3.71052810459603,-0.785398163393855
0,-7.96121485156995,6.91354115031682,2.49314596070967,3.71052810459603,-0.785398163397448
9.54028495566001,-13.7380103361504,6.91354115031682,2.49314596070967,3.71052810459603,-0.785398163397448
9.54028495566001,-13.7380103361504,6.80625612775187,2.43348430022276,3.58769263620985,-0.785398163397448
9.54028495566001,-13.7380103361504,6.57389545816993,2.3556396737715,3.34202169943748,-0.785398163397448
9.54028495566001,-13.7380103361504,6.08797883979285,2.37763844997906,2.85067982589274,-0.785398163397448
0,5.13971968010986,5.99916028851666,2.40885741625852,2.75649960903002,-0.785398163397448
0,5.13971968010986,5.99916028851666,2.40885741625852,2.75649960903002,-0.531705576469442
0,-12.0686636064521,5.99916028851666,2.40885741625852,2.75649960903002,-0.271426195386491
0,-12.0686636064521,5.99916028851666,2.40885741625852,2.75649960903002,-0.785398163392001
0,-12.0686636064521,5.99916028851666,2.40885741625852,2.75649960903002,-0.785398163397448
0,14.0292336410048,5.99916028851666,2.40885741625852,2.75649960903002,-0.785398163397448
0,14.0292336410048,5.99916028851666,2.40885741625852,2.75649960903002,0.0200578207772056
2.59014192157897,3.72980436707372,5.99916028851666,2.40885741625852,2.75649960903002,0.617525200703048
2.59014192157897,3.72980436707372,5.88924399683406,2.44754438682185,2.85539360174165,0.785398163395765
2.59014192157897,3.72980436707372,5.88924399683293,2.44754438682218,2.85539360174283,0.785398163397448
0,-3.62199740802031,5.75020466736968,2.4779043883885,2.99782934758517,0.785398163397448
0,-3.62199740802031,5.75020466736968,2.4779043883885,2.99782934758517,0.586219153956961
0,6.11043659733163,5.75020466736968,2.4779043883885,2.99782934758517,0.423198422595412
0,6.11043659733163,5.75020466736968,2.4779043883885,2.99782934758517,0.785398163394711
0,6.11043659733163,5.75020466736968,2.4779043883885,2.99782934758517,0.785398163397448
0,-11.7078913527112,5.75020466736968,2.4779043883885,2.99782934758517,0.785398163397448
0,-11.7078913527112,5.75020466736968,2.4779043883885,2.99782934758517,0.308601207857498
8.97914237295237,-12.9299650170514,5.75020466736968,2.4779043883885,2.99782934758517,-0.385390971873688
8.97914237295237,-12.9299650170514,5.49375836337044,2.53482992133047,2.82451093924374,-0.764134706425689
8.97914237295237,-12.9299650170514,5.4797644123129,2.53953466352041,2.81004081669701,-0.785398163397429
8.97914237295237,-12.9299650170514,5.47976441230904,2.53953466352174,2.81004081669292,-0.785398163397448
8.97914237295237,-12.9299650170514,5.24512394669024,2.65668262318129,2.54702433436514,-0.785398163397448
8.97914237295237,-12.9299650170514,5.04901056475576,2.83080710159956,2.28400785203734,-0.785398163397448
0,3.52204158321118,4.99088165250718,2.90475996344999,2.18990935129329,-0.785398163397448
0,3.52204158321118,4.99088165250718,2.90475996344999,2.18990935129329,-0.600848894228553
0,-10.9528890303117,4.99088165250718,2.90475996344999,2.18990935129329,-0.433194005076325
0,-10.9528890303117,4.99088165250718,2.90475996344999,2.18990935129329,-0.785398163397343
0,-10.9528890303117,4.99088165250718,2.90475996344999,2.18990935129329,-0.785398163397448
6.94856420017246,10.0059324482483,4.99088165250718,2.90475996344999,2.18990935129329,-0.785398163397448
6.94856420017246,10.0059324482483,4.77932853727416,3.3248178139383,1.95316217828352,-0.10655847660183
4.51851229859447,6.50665770997603,4.69594216355617,3.53211265956213,1.96541721660608,0.21519508142733
4.51851229859447,6.50665770997603,4.51290915397003,3.88233611675029,2.18980887563851,0.785398163394509
4.51851229859447,6.50665770997603,4.51290915396884,3.88233611675196,2.18980887564057,0.785398163397448
2.63620247721495,-3.79613156718953,4.47923340021214,3.92691588396344,2.24568574302076,0.785398163397448
2.63620247721495,-3.79613156718953,4.45846587107851,3.95204302011064,2.27680096132363,0.738454407107666
2.63620247721495,-3.79613156718953,4.41480294993032,4.000452843341,2.33084533479385,0.644566894528102
2.63620247721495,-3.79613156718953,4.32100717809981,4.09099113703429,2.41124156776535,0.456791869368973
0,9.58324975445087,4.29442458464958,4.11440087438797,2.42754613552278,0.40578500667849
0,9.58324975445087,4.29442458464958,4.11440087438797,2.42754613552278,0.785398163393102
0,9.58324975445087,4.29442458464958,4.11440087438797,2.42754613552278,0.785398163397448
0,1.6786230557033,4.29442458464958,4.11440087438797,2.42754613552278,0.785398163397448
0,1.6786230557033,4.29442458464958,4.11440087438797,2.42754613552278,0.785398163397448
2.09562305924279,-3.01769720530962,4.29442458464958,4.11440087438797,2.42754613552278,0.785398163397448
1.13675669354236,-1.63692963870099,4.12498993506396,4.23736203172985,2.58362990635231,0.483628442866504
0,-7.87643764758317,4.02702953555992,4.2950108763828,2.6320579236036,0.319935478996402
0,-0.0875429302861648,4.02702953555992,4.2950108763828,2.6320579236036,-0.467708285761926
1.7597425830363,-2.53402931957228,4.02702953555992,4.2950108763828,2.6320579236036,-0.476462578790542
5.99359309114217,8.63077405124473,3.87850532479721,4.38918656162539,2.50988132535283,-0.729865510747773
0,-6.21947927019535,3.45332418234189,4.81020364578526,2.31183585148944,0.133211894376651
0,-1.18809417317998,3.45332418234189,4.81020364578526,2.31183585148944,-0.488736032642893
6.87414488609607,-9.89876863597835,3.45332418234189,4.81020364578526,2.31183585148944,-0.607545449960893
6.87414488609607,-9.89876863597835,3.3745234260002,4.90523688660252,2.2080881445748,-0.785398163397394
6.87414488609607,-9.89876863597835,3.37452342599834,4.90523688660504,2.20808814457167,-0.785398163397448
6.87414488609607,-9.89876863597835,3.26955469901091,5.08276212559898,2.0014840201238,-0.785398163397448
6.87414488609607,-9.89876863597835,3.20323539507941,5.27804498212064,1.79487989567593,-0.785398163397448
0,-5.40446488810911,3.18092511018628,5.42693761388762,1.64418248474053,-0.785398163397448
0,-5.40446488810911,3.18092511018628,5.42693761388762,1.64418248474053,-0.785398163397448
8.36206559015534,-12.0413744498237,3.18092511018628,5.42693761388762,1.64418248474053,-0.785398163397448
8.36206559015534,-12.0413744498237,3.39929569055298,6.12735937419842,0.892969828968738,-0.785398163397448
1.23637374082411,1.78037818678672,3.45534315893732,6.19122092068134,0.807975925725046,-0.785398163397448
1.23637374082411,1.78037818678672,3.5000782639924,6.23533195046414,0.750512822557002,-0.694917354730341
0,-14.0161853244604,3.54552013435591,6.2757230015337,0.704133537542238,-0.607360344718773
0,-14.0161853244604,3.54552013435591,6.2757230015337,0.704133537542238,-0.785398163397375
0,-14.0161853244604,3.54552013435591,6.2757230015337,0.704133537542238,-0.785398163397448
0.296352920260445,0.42674820517504,3.54552013435591,6.2757230015337,0.704133537542238,-0.785398163397448
0.296352920260445,0.42674820517504,3.56544752094698,6.29222056208441,0.679203331660041,-0.74814402745412
0,-1.15708437690376,3.56838058275952,6.29458013251878,0.675728419032786,-0.742723342879944
0,-1.15708437690376,3.56838058275952,6.29458013251878,0.675728419032786,-0.785398163397446
0,-1.15708437690376,3.56838058275952,6.29458013251878,0.675728419032786,-0.785398163397448
4.94244626487719,-7.11712262142316,3.56838058275952,6.29458013251878,0.675728419032786,-0.785398163397448
4.94244626487719,-7.11712262142316,3.83804839374173,6.44889145224933,0.363767826003391,-0.785398163397448
0,11.0798982589878,4.01335721876361,6.49790554383247,0.181483792545095,-0.785398163397448
9.34030472735889,13.4500388073968,4.01335721876361,6.49790554383247,0.181483792545095,0.322591662501344
9.34030472735889,13.4500388073968,4.27019273400647,6.56243777043785,0.333400554882587,0.704297175915414
9.34030472735889,13.4500388073968,4.32290833125642,6.58220759256749,0.385442127810577,0.785398163391353
9.34030472735889,13.4500388073968,4.32290833126036,6.58220759256909,0.385442127814828,0.785398163397448
9.34030472735889,13.4500388073968,4.55253609580117,6.71306810988108,0.650515401019043,0.785398163397448
9.34030472735889,13.4500388073968,4.73986088590485,6.89951597994615,0.915588674223287,0.785398163397448
0,-3.60223591793433,4.7873710873252,6.96692228056078,0.998079197150587,0.785398163397448
0,-3.60223591793433,4.7873710873252,6.96692228056078,0.998079197150587,0.626329303626996
3.59657827932228,-5.17907272222409,4.7873710873252,6.96692228056078,0.998079197150587,0.42517457160401
0,-11.0752424202278,4.96780082395232,7.27797214632724,1.05984594171419,-0.0927327006184057
0,-11.0752424202278,4.96780082395232,7.27797214632724,1.05984594171419,-0.785398163392503
0,-11.0752424202278,4.96780082395232,7.27797214632724,1.05984594171419,-0.785398163397448
4.99955331208164,-7.19935676939756,4.96780082395232,7.27797214632724,1.05984594171419,-0.785398163397448
4.99955331208164,-7.19935676939756,5.07409632855284,7.43182453530618,0.872571613522038,-0.785398163397448
0,-10.7892232647115,5.30898746601794,7.63627888976533,0.559890610506022,-0.785398163397448
0,9.67541000697548,5.30898746601794,7.63627888976533,0.559890610506022,-0.785398163397448
0,-9.81598723689839,5.30898746601794,7.63627888976533,0.559890610506022,0.182142837300113
0,-9.81598723689839,5.30898746601794,7.63627888976533,0.559890610506022,-0.785398163393016
0,-9.81598723689839,5.30898746601794,7.63627888976533,0.559890610506022,-0.785398163397448
7.56770177165405,-10.8974905511818,5.30898746601794,7.63627888976533,0.559890610506022,-0.785398163397448
7.56770177165405,-10.8974905511818,5.31820157008594,7.64198495148013,0.549052713855745,-0.785398163397448
7.56770177165405,-10.8974905511818,5.336812586816,7.6530958324518,0.527376920555193,-0.785398163397448
7.56770177165405,-10.8974905511818,5.37473510444528,7.67409460391763,0.484025333954088,-0.785398163397448
7.56770177165405,-10.8974905511818,5.45313048420016,7.71106616772922,0.397322160751877,-0.785398163397448
7.56770177165405,-10.8974905511818,5.6180316065084,7.76400110049448,0.223915814347456,-0.785398163397448
7.56770177165405,-10.8974905511818,5.96266872619004,7.78142335917623,-0.122896878461386,-0.785398163397448
0,0.523693713044605,6.03569111537797,7.76964742006473,-0.19687956665934,-0.785398163397448
0,0.523693713044605,6.03569111537797,7.76964742006473,-0.19687956665934,-0.759799725554317
0,3.32023514067765,6.03569111537797,7.76964742006473,-0.19687956665934,-0.733028792092987
0,3.19200936928019,6.03569111537797,7.76964742006473,-0.19687956665934,-0.401005278025217
0,-8.10146949221449,6.03569111537797,7.76964742006473,-0.19687956665934,-0.0818043410971933
0,-8.10146949221449,6.03569111537797,7.76964742006473,-0.19687956665934,-0.785398163397447
0,-8.10146949221449,6.03569111537797,7.76964742006473,-0.19687956665934,-0.785398163397448
0,-9.39775564884662,6.03569111537797,7.76964742006473,-0.19687956665934,-0.785398163397448
0,-9.39775564884662,6.03569111537797,7.76964742006473,-0.19687956665934,-0.785398163397448
0,-9.39775564884662,6.03569111537797,7.76964742006473,-0.19687956665934,-0.785398163397448
0,-9.39775564884662,6.03569111537797,7.76964742006473,-0.19687956665934,-0.785398163397448
0,-8.87919016521387,6.03569111537797,7.76964742006473,-0.19687956665934,-0.785398163397448
0,-8.87919016521387,6.03569111537797,7.76964742006473,-0.19687956665934,-0.785398163397448
0,5.34910674940287,6.03569111537797,7.76964742006473,-0.19687956665934,-0.785398163397448
0,3.23713721411169,6.03569111537797,7.76964742006473,-0.19687956665934,-0.250487488457153
0,3.36515757523717,6.03569111537797,7.76964742006473,-0.19687956665934,0.0732262329540208
0,9.4033670111575,6.03569111537797,7.76964742006473,-0.19687956665934,0.409741990477743
0,9.4033670111575,6.03569111537797,7.76964742006473,-0.19687956665934,0.785398163397374
0,9.4033670111575,6.03569111537797,7.76964742006473,-0.19687956665934,0.785398163397448
0,2.38935652411979,6.03569111537797,7.76964742006473,-0.19687956665934,0.785398163397448
