X,Y,Theta(orientation), Psi(Steering_angle)
0,0,0,0
0.000200950914520766,0,0,0
0.0012057054871246,0,0,0
0.00622947835014376,0,0,0
0.0313483426652396,0,0,0
0.156942664240719,0,0,0
0.5,0,0,0
1,0,0,0
1.5,0,0,0
2,0,0,0
2.5,0,0,0
3,0,0,0
3.5,0,0,0
4,0,0,0
4.5,0,0,0
4.99999999999996,0,0,0
5,0,0,0
5.00000000000004,-3.56351021279496e-30,-2.29341128059106e-27,-1.27897692436818e-13
5.1675573430346,-0.00293477406272574,-0.0539677453322094,-0.603375079143054
5.21797791682809,-0.00666323948904568,-0.0962684904152004,-0.785398163397447
5.21797791682812,-0.0066632394890491,-0.096268490415236,-0.785398163397448
5.24961031115011,-0.010226895452634,-0.12810233391591,-0.785398163397448
5.28111325308627,-0.0147955564966969,-0.159936177416583,-0.785398163397448
5.3436032545891,-0.026928362294122,-0.223603864417931,-0.785398163397448
5.46563800521559,-0.0629827701976599,-0.350939238420626,-0.785398163397448
5.49101556141436,-0.072666159729496,-0.37810233391591,-0.785398163397448
5.61345079413589,-0.131207777762921,-0.51391781139233,-0.785398163397448
5.7094683858687,-0.192888953183961,-0.62810233391591,-0.785398163397448
5.89138644615799,-0.363420404514282,-0.87810233391591,-0.785398163397448
6.02545895826925,-0.573657694376048,-1.12810233391591,-0.785398163397448
6.10334994276906,-0.810529286353421,-1.37810233391591,-0.785398163397448
6.12021651550007,-1.05930765212616,-1.62810233391591,-0.785398163397448
6.07500999466179,-1.30452495784894,-1.87810233391591,-0.785398163397448
5.7060335919485,-1.95467475284225,-2.16152393870705,0.114601836602553
5.444022662053,-2.44675364387181,-1.87958407278263,0.78539816339732
5.44402266205297,-2.44675364387191,-1.87958407278252,0.785398163397448
5.40365394085278,-2.63314505477493,-1.68858101177827,0.785398163397448
5.39940460852757,-2.82381056000476,-1.49757795077402,0.785398163397448
5.49856298848254,-3.19032154704013,-1.11557182876551,0.785398163397448
5.59000495015453,-3.34159093280233,-0.938581011778268,0.785398163397448
6.20925983813637,-3.73292899210952,-0.188581011778267,0.785398163397448
6.45740194741668,-3.7625963092977,-0.0941071435145544,-0.114601836602553
7.20467564782188,-3.77715145910671,0.189269012621449,0.785398163397192
7.20467564782209,-3.77715145910667,0.189269012621662,0.785398163397448
7.44625875831706,-3.71318070930021,0.283742880885375,-0.114601836602549
7.62674484560944,-3.66709387163385,0.1897629255772,-0.785398163397446
7.62674484560951,-3.66709387163384,0.189762925577129,-0.785398163397448
7.68960957564224,-3.65708232918257,0.126095238575782,-0.785398163397448
7.75298391648579,-3.65109081960752,0.0624275515744359,-0.785398163397448
7.88023318283685,-3.65124862600509,-0.0649078224282568,-0.785398163397448
7.93895889285897,-3.65680923207557,-0.123904761424218,-0.785398163397448
8.18062410900104,-3.71823463284148,-0.373904761424218,-0.785398163397448
8.80477739417994,-4.12966022549396,-0.657326366215357,0.114601836602553
9.27832870151127,-4.42383792979274,-0.375386500290832,0.785398163397447
9.27832870151146,-4.42383792979282,-0.375386500290618,0.785398163397448
9.46162038594192,-4.47652141988528,-0.184383439286579,0.785398163397448
9.6515804180273,-4.49345003234457,0.00661962171746028,0.785398163397448
10.0238778390211,-4.41890260949188,0.388625743725539,0.785398163397448
10.1808972989622,-4.33773027046358,0.565616560713422,0.785398163397448
10.3820618622137,-4.18944852985112,0.660090428977135,-0.114601836602553
10.5329781914362,-4.08025381438289,0.56611047366903,-0.785398163397194
10.5329781914362,-4.08025381438285,0.566110473668958,-0.785398163397448
10.5877637174929,-4.04783851862542,0.502442786667541,-0.785398163397448
10.7619884287819,-3.97001005228513,0.349779419125432,-0.556194490192345
11.1301666552083,-3.86922827695702,0.217621147556944,-0.0977871437821399
11.303073702323,-3.83142834221924,0.219114823365852,0.114601836602552
11.5482794352483,-3.78319728634995,0.124656104653781,-0.785398163397444
12.293183664859,-3.84609426876729,-0.158765500137355,0.114601836602557
12.8497549582435,-3.87802791500362,0.123174365787167,0.785398163397442
12.8497549582437,-3.87802791500359,0.12317436578738,0.785398163397448
13.035926088507,-3.83665519493124,0.31417742679143,0.785398163397448
13.2108572124112,-3.76069142988972,0.505180487795479,0.785398163397448
13.502189716856,-3.51720003417615,0.887186609803577,0.785398163397448
13.601281916035,-3.3708279211034,1.06417742679143,0.785398163397448
13.6974208093169,-2.64461899376208,1.81417742679143,0.785398163397448
13.2727524146464,-2.04772800914293,2.56417742679143,0.785398163397448
12.5551632466785,-1.90045995773031,3.31417742679143,0.785398163397448
11.929727628096,-2.28184215443077,4.06417742679143,0.785398163397448
11.7930592264715,-2.49107026942642,4.15865129505514,-0.114601836602549
11.4485113275351,-3.15433234511105,4.44202745119094,0.785398163396944
11.448511327535,-3.15433234511146,4.44202745119137,0.785398163397448
11.5250236327583,-3.88287058027907,5.19202745119136,0.785398163397448
12.0776067340713,-4.36378014464128,5.94202745119137,0.785398163397448
12.3183571028946,-4.43081682130907,6.03650131945508,-0.114601836602549
12.4973582176532,-4.48237092131449,5.94252136414691,-0.785398163397446
12.4973582176533,-4.48237092131454,5.94252136414676,-0.785398163397448
12.5566496356416,-4.50553842047335,5.87885367714549,-0.785398163397448
12.6143468983628,-4.53243137752196,5.81518599014421,-0.785398163397448
12.7240311606543,-4.5969431074265,5.68785061614166,-0.785398163397448
12.7718743215646,-4.63144906794943,5.62885367714549,-0.785398163397448
13.2577779849675,-5.19954762593095,5.34543207235435,0.114601836602549
13.6314127914371,-5.61329681780463,5.62737193827888,0.785398163397446
13.6314127914374,-5.6132968178049,5.6273719382793,0.785398163397448
13.7929636311839,-5.71465123500904,5.81837499928313,0.785398163397448
13.9708180652115,-5.78349302468902,6.00937806028696,0.785398163397448
14.3492047568899,-5.81489683803933,6.39138418229462,0.785398163397448
14.5225563586885,-5.78035293007271,6.56837499928313,0.785398163397448
14.7569022323079,-5.69353894718518,6.66284886754684,-0.114601836602556
15.4285076262961,-5.36555109608471,6.94622502368305,0.785398163397441
15.4285076262964,-5.36555109608444,6.94622502368348,0.785398163397448
15.5990474148319,-5.19558257757657,7.18758652761204,0.785398163397448
15.72401713604,-4.98977760791194,7.42894803154059,0.785398163397448
15.8005744707412,-4.73452928556177,7.69622502368305,0.785398163397448
15.8225800741261,-4.48559071979324,7.79069889194676,-0.114601836602556
15.814097692649,-3.73822341725183,8.07407504808297,0.785398163397441
15.7427118555253,-3.49872661484023,8.16854891634668,-0.114601836602564
15.691084416027,-3.31974663885675,8.07456896103851,-0.785398163397445
15.691084416027,-3.31974663885661,8.07456896103836,-0.785398163397448
15.6791401685685,-3.25722032266109,8.01090127403709,-0.785398163397448
15.671198338372,-3.19406074225191,7.94723358703581,-0.785398163397448
15.6674343084396,-3.06686706014318,7.81989821303325,-0.785398163397448
15.6711823748108,-3.00799787163192,7.76090127403709,-0.785398163397448
15.8935085683444,-2.29426864751543,7.47747966924595,0.114601836602556
16.044918806167,-1.75773691288623,7.75941953517047,0.785398163397446
16.044918806167,-1.75773691288581,7.7594195351709,0.785398163397448
16.0447396445704,-1.56702414558714,7.95042259617473,0.785398163397448
16.0083581028006,-1.37981363539058,8.14142565717856,0.785398163397448
15.8335494751667,-1.04276077360621,8.52343177918621,0.785398163397448
15.7120392713967,-0.914388931664461,8.70042259617473,0.785398163397448
15.0237448537525,-0.663644265536648,9.45042259617473,0.785398163397448
14.3492102065524,-0.949345337775414,10.2004225961747,0.785398163397448
14.0504056381445,-1.61817859266808,10.9504225961747,0.785398163397448
14.0565119063072,-1.86801327720237,11.0448964644384,-0.114601836602549
14.0594149945312,-2.05426793188504,10.9509165091303,-0.785398163397446
14.0594149945312,-2.05426793188518,10.9509165091301,-0.785398163397448
14.0545505192799,-2.11773872946062,10.8872488221288,-0.785398163397448
14.018390848765,-2.30509934011479,10.734585454587,-0.556194490192853
13.889802948404,-2.66451181142438,10.6024271830184,-0.0977871437836626
13.8216072742401,-2.82783673920304,10.6039208588272,0.114601836602549
13.6620854852355,-3.36201289106121,10.8858607247513,0.785398163396942
13.6620854852354,-3.36201289106163,10.8858607247517,0.785398163397448
13.6593751591952,-3.55270648257039,11.0768637857559,0.785398163397448
13.6662834125807,-3.61599137475397,11.1277515749366,0.556194490192357
13.6865317380085,-3.74169590253397,11.1718043321261,0.0977871437821758
13.6969213654162,-3.79977079919733,11.1713064401898,-0.114601836602557
13.8820985580282,-4.52388352732734,11.454682596326,0.78539816339744
13.8820985580284,-4.52388352732772,11.4546825963265,0.785398163397448
14.0183375125004,-4.7304131339276,11.7027357837105,0.785398163397448
14.201113067862,-4.89717232401965,11.9507889710945,0.785398163397448
14.4246930216989,-5.01603544496432,12.204682596326,0.785398163397448
14.6640164785057,-5.08800029144702,12.2991564645898,-0.114601836602549
15.3976146616653,-5.23105112635506,12.5825326207255,0.785398163396936
15.3976146616657,-5.23105112635505,12.582532620726,0.785398163397448
16.074828138612,-4.95175916514951,13.332532620726,0.785398163397448
16.2424226783,-4.7663765166249,13.4270064889897,-0.114601836602549
16.368562342454,-4.62930715666704,13.3330265336817,-0.785398163396942
16.3685623424541,-4.62930715666694,13.3330265336815,-0.785398163397448
16.4157926082626,-4.58662803699464,13.2693588466801,-0.785398163397448
16.5710217878395,-4.47565316594494,13.116695479138,-0.556194490192349
16.9117448914568,-4.30354872290478,12.9845372075695,-0.0977871437821519
17.0736566539708,-4.232062618187,12.9860308833784,0.114601836602548
17.3043401772612,-4.13595227383239,12.8915721646665,-0.785398163396936
17.3043401772613,-4.13595227383234,12.8915721646663,-0.785398163397448
17.5487092663375,-4.08636492810439,12.6415721646663,-0.785398163397448
17.7977496178875,-4.09877701302578,12.3915721646663,-0.785398163397448
18.4909492228846,-4.37862098619801,12.1081505598752,0.114601836602549
19.0133313267842,-4.57332152525011,12.3900904257997,0.785398163397446
19.013331326785,-4.57332152525025,12.3900904258006,0.785398163397448
19.2034222975522,-4.58871030500098,12.581093486804,0.785398163397448
19.2670265497419,-4.58602690289023,12.6319812759845,0.556194490193373
19.3937995421947,-4.57418497013274,12.6760340331741,0.0977871437852214
19.4524369098625,-4.5676813485859,12.6755361412379,-0.114601836602548
20.1872634361337,-4.43108042622261,12.9589122973732,0.785398163396425
20.1872634361345,-4.43108042622229,12.9589122973741,0.785398163397448
20.7144174865558,-3.92242464863182,13.7089122973741,0.785398163397448
20.7534107439153,-3.19091824481009,14.4589122973741,0.785398163397448
20.2833185582362,-2.62910383602799,15.2089122973741,0.785398163397448
19.5564028616648,-2.53846354129213,15.9589122973741,0.785398163397448
19.3192223633812,-2.61720404764797,16.0533861656378,-0.114601836602549
18.6367823067147,-2.92200792682166,16.3367623217732,0.785398163396441
18.636782306714,-2.92200792682216,16.336762321774,0.785398163397448
18.4453817150069,-3.08269541731658,16.4312361900377,-0.114601836602549
17.9235301719585,-3.61776625629056,16.7146123461731,0.785398163396425
17.9235301719581,-3.61776625629128,16.714612346174,0.785398163397448
17.8049122981556,-3.83773092645858,16.8090862144377,-0.114601836602549
17.7150492630647,-4.00089911954916,16.7151062591295,-0.785398163397446
17.7150492630645,-4.0008991195494,16.7151062591292,-0.785398163397448
17.6793433156153,-4.0535991250624,16.6514385721281,-0.785398163397448
17.5550128273974,-4.19835219030031,16.4987752045865,-0.556194490193357
17.2650861233776,-4.44665579266579,16.3666169330177,-0.0977871437851734
17.1248600981053,-4.55464812501098,16.3681106088264,0.114601836602548
16.9237063159429,-4.70293582555063,16.2736518901146,-0.785398163396425
16.9237063159427,-4.70293582555078,16.2736518901143,-0.785398163397448
16.6981801618821,-4.80929893187478,16.0236518901143,-0.785398163397448
15.954884278152,-4.88898312678766,15.7402302853232,0.114601836602549
15.7049869094135,-4.89082467698638,15.6457715666114,-0.785398163396441
15.7049869094132,-4.89082467698636,15.6457715666111,-0.785398163397448
14.984731880139,-4.69064716952295,15.36234996182,0.114601836602549
14.7517856335084,-4.60015886978066,15.2678912431082,-0.785398163396425
14.7517856335081,-4.60015886978054,15.2678912431079,-0.785398163397448
14.5411975324646,-4.46663805398352,15.0178912431079,-0.785398163397448
14.075903921197,-3.88153960329111,14.7344696383167,0.114601836602549
13.7172921368178,-3.45470362719946,15.0164095042413,0.785398163397446
13.7172921368172,-3.45470362719892,15.0164095042421,0.785398163397448
13.5594661423876,-3.34764127531113,15.2074125652455,0.785398163397448
13.5027980891483,-3.31863380583245,15.2583003544261,0.556194490193357
13.3866501788294,-3.2664678598961,15.3023531116157,0.0977871437851734
13.3324215989252,-3.24323213090366,15.3018552196794,-0.114601836602548
12.6256932237741,-2.99999389489095,15.5852313758148,0.785398163396425
12.6256932237733,-2.99999389489085,15.5852313758156,0.785398163397448
12.3761367502251,-2.98671900817179,15.6797052440794,-0.114601836602549
12.1902173224476,-2.97517818120351,15.5857252887712,-0.785398163397446
12.1902173224473,-2.97517818120348,15.5857252887709,-0.785398163397448
12.1273144430586,-2.96540919819989,15.5220576017698,-0.785398163397448
11.9433198434867,-2.91483739257012,15.3693942342282,-0.556194490193373
11.5949542966756,-2.75878093340743,15.2372359626594,-0.0977871437852214
11.43740595186,-2.67813230629637,15.2387296384681,0.114601836602564
10.9171998354481,-2.4776903974314,15.5206695043926,0.785398163397446
10.9171998354473,-2.47769039743124,15.5206695043935,0.785398163397448
10.7272898755236,-2.4602090121534,15.7116725653969,0.785398163397448
10.5375148275868,-2.47909876837192,15.9026756264003,0.785398163397448
10.1857230410905,-2.62194563352981,16.2846817484071,0.785398163397448
10.0466510474282,-2.73104668761716,16.4616725653969,0.785398163397448
9.73324845540851,-3.39316518778693,17.2116725653969,0.785398163397448
9.73387348581295,-3.64307370193605,17.3061464336606,-0.114601836602549
9.73269064447082,-3.82934722447363,17.2121664783524,-0.785398163397446
9.7326906444708,-3.82934722447391,17.2121664783521,-0.785398163397448
9.72643519771695,-3.89269605753518,17.148498791351,-0.785398163397448
9.71616187577525,-3.95551853854793,17.0848311043498,-0.785398163397448
9.68374423733486,-4.07856933053069,16.9574957303476,-0.785398163397448
9.66347501343243,-4.13396597230562,16.898498791351,-0.785398163397448
9.54278097699205,-4.35215879097748,16.648498791351,-0.785398163397448
9.37185725863823,-4.53370834084294,16.398498791351,-0.785398163397448
8.70934788011405,-4.88000252944068,16.1150771865598,0.114601836602549
8.477476710214,-4.97321114909966,16.020618467848,-0.785398163396441
8.47747671021373,-4.97321114909974,16.0206184678478,-0.785398163397448
8.23250473017197,-5.01972873229857,15.7706184678478,-0.785398163397448
7.49292896152007,-4.91079745069397,15.4871968630566,0.114601836602549
7.25052793640288,-4.85002056996057,15.3927381443448,-0.785398163396425
7.25052793640261,-4.85002056996048,15.3927381443446,-0.785398163397448
7.02495250710093,-4.74376200678739,15.1427381443446,-0.785398163397448
6.83267846085155,-4.58499851069608,14.8927381443446,-0.785398163397448
6.68566046658603,-4.38360122691503,14.6427381443446,-0.785398163397448
6.4671161513521,-3.66870492396753,14.3593165395534,0.114601836602549
6.41814117448918,-3.42364669037636,14.2648578208416,-0.785398163396425
6.41814117448915,-3.42364669037608,14.2648578208413,-0.785398163397448
6.47877725398216,-2.6785550130955,13.9814362160502,0.114601836602549
6.52367204323841,-2.43271656185732,13.8869774973384,-0.785398163396441
6.52367204323848,-2.43271656185705,13.8869774973381,-0.785398163397448
6.61504585610296,-2.20071228845923,13.6369774973381,-0.785398163397448
6.760977854209,-1.99852670914898,13.3869774973381,-0.785398163397448
7.37297472486747,-1.56922707952731,13.103555892547,0.114601836602549
7.59079758098334,-1.44673099974076,13.0090971738352,-0.785398163396425
7.5907975809836,-1.44673099974064,13.0090971738349,-0.785398163397448
8.31800792606491,-1.27351594353648,12.7256755690438,0.114601836602565
8.85664869818855,-1.12978883757617,13.0076154349683,0.78539816339743
8.85664869818932,-1.12978883757581,13.0076154349691,0.785398163397448
9.02054292806792,-1.03226923379307,13.1986184959726,0.785398163397448
9.16294313420181,-0.905408786834735,13.389621556976,0.785398163397448
9.36351444961261,-0.583021077134005,13.7716276789828,0.785398163397448
9.41186065307097,-0.413001360526389,13.9486184959726,0.785398163397448
9.4415198890994,-0.164858285214113,14.0430923642363,-0.114601836602549
9.45605070273955,0.582415888805882,14.3264685203716,0.785398163396425
9.45605070273939,0.58241588880672,14.3264685203725,0.785398163397448
9.06426699477025,1.20138892466667,15.0764685203725,0.785398163397448
8.35568720399167,1.38722964424099,15.8264685203725,0.785398163397448
7.71055102071756,1.04021178017312,16.5764685203725,0.785398163397448
7.56277297850151,0.838676903920854,16.6709423886362,-0.114601836602549
7.45129698749737,0.689437741025043,16.576962433328,-0.785398163397446
7.45129698749719,0.689437741024826,16.5769624333278,-0.785398163397448
7.40867415268073,0.64215667487226,16.5132947463266,-0.785398163397448
7.26559492204758,0.515903540425193,16.360631378785,-0.556194490193373
6.9442376475783,0.30988976710625,16.2284731072163,-0.0977871437852214
6.79047644344672,0.222236050054163,16.2299667830249,0.114601836602564
6.57081905437345,0.10306089477756,16.1355080643129,-0.785398163397432
6.57081905437319,0.103060894777442,16.1355080643126,-0.785398163397448
6.48798644406985,0.0696994953632411,16.0461798550898,-0.785398163397448
6.40250794434343,0.0438605637858737,15.956851645867,-0.785398163397448
6.33279470181328,0.0287671254092037,15.8855080643129,-0.785398163397448
5.58560706904676,0.0521975144333957,15.6020864595217,0.114601836602549
5.0281258771553,0.054663902276548,15.8840263254462,0.785398163397446
5.02812587715446,0.0546639022763983,15.8840263254471,0.785398163397448
4.84440219548135,0.00350727512106434,16.0750293864505,0.785398163397448
4.67373142580843,-0.081597836879816,16.2660324474539,0.785398163397448
4.39567822450757,-0.340149775913362,16.6480385694607,0.785398163397448
4.30446240504962,-0.491555633477789,16.8250293864505,0.785398163397448
4.21080541219741,-0.72325160624621,16.9195032547142,-0.114601836602549
4.13946958422539,-0.895328402938106,16.8255232994061,-0.785398163397446
4.13946958422526,-0.895328402938362,16.8255232994058,-0.785398163397448
4.1097882395472,-0.951642016234051,16.7618556124046,-0.785398163397448
4.07658409657583,-1.00595306625015,16.6981879254035,-0.785398163397448
4.00015934564786,-1.10769616496074,16.5708525514012,-0.785398163397448
3.96049734427203,-1.15136028071282,16.5118556124046,-0.785398163397448
3.76643645229742,-1.30793462969204,16.2618556124046,-0.785398163397448
3.06293080594601,-1.5607550150267,15.9784340076135,0.114601836602565
2.54355947272375,-1.76335012999399,16.260373873538,0.78539816339743
2.54355947272302,-1.76335012999444,16.2603738735389,0.785398163397448
2.39149541792462,-1.87844971708193,16.4513769345423,0.785398163397448
2.34583052696865,-1.92280531737626,16.5022647237228,0.556194490193341
2.25913740320558,-2.01605726255214,16.5463174809124,0.0977871437851254
2.21972189992106,-2.05995550945398,16.5458195889762,-0.114601836602549
2.0904928529945,-2.19411615100974,16.451839633668,-0.785398163397446
2.09049285299429,-2.19411615100993,16.4518396336677,-0.785398163397448
2.04230271352378,-2.23570840656463,16.3881719466666,-0.785398163397448
1.99156391818417,-2.27415030963666,16.3245042596655,-0.785398163397448
1.88327227048278,-2.34097335751501,16.1971688856632,-0.785398163397448
1.83040791548174,-2.36714565829031,16.1381719466666,-0.785398163397448
1.10108631682721,-2.5312442488543,15.8547503418754,0.114601836602565
0.560688634152973,-2.66821762926818,16.1366902078,0.785398163397447
0.560688634151419,-2.66821762926889,16.1366902078017,0.785398163397448
0.395586538109871,-2.76367803777312,16.3276932688042,0.785398163397448
0.344798398231306,-2.80206119021178,16.3785810579846,0.556194490194396
0.247263171696064,-2.88390557041869,16.4226338151743,0.0977871437882909
0.202733102953493,-2.92260584119441,16.4221359232381,-0.114601836602565
0.0579400414791173,-3.03979881735371,16.3281559679299,-0.785398163397446
0.0579400414786547,-3.03979881735404,16.3281559679294,-0.785398163397448
0.00498685352468406,-3.07512819818347,16.2644882809285,-0.785398163397448
-0.164776040890893,-3.16226074018481,16.1118249133875,-0.556194490194364
-0.526968112497046,-3.28279735667879,15.9796666418184,-0.097787143788195
-0.697579046229129,-3.32988866480432,15.9811603176268,0.114601836602533
-1.21639611286197,-3.53389899236245,16.2631001835497,0.785398163395432
-1.21639611286342,-3.53389899236335,16.2631001835514,0.785398163397448
-1.36814580576649,-3.64941272493905,16.4541032445556,0.785398163397448
-1.49520625781358,-3.79163449976743,16.6451063055598,0.785398163397448
-1.65784004875831,-4.13472769115402,17.0271124275683,0.785398163397448
-1.6865509658069,-4.30914025568293,17.2041032445556,0.785398163397448
-1.68781757296898,-4.55904634167029,17.2985771128193,-0.114601836602565
-1.61732950182016,-5.30313052207383,17.5819532689538,0.785398163395401
-1.61732950181965,-5.30313052207546,17.5819532689555,0.785398163397448
-1.52631065765659,-5.53587550293314,17.6764271372192,-0.114601836602532
-1.46000520601668,-5.70995253012233,17.5824471819111,-0.785398163397446
-1.46000520601651,-5.70995253012287,17.5824471819105,-0.785398163397448
-1.44291220128393,-5.77127164992649,17.5187794949096,-0.785398163397448
-1.41294584175609,-5.95972200809173,17.3661161273686,-0.556194490194396
-1.41112765963937,-6.34144031635572,17.2339578557995,-0.0977871437882909
-1.41947759543724,-6.51823386992063,17.2354515316079,0.114601836602533
-1.43650934252007,-6.76755696512184,17.1409928128964,-0.785398163395433
-1.43650934252015,-6.76755696512241,17.1409928128959,-0.785398163397448
-1.69049698560431,-7.47064203739292,16.8575712081047,0.114601836602565
-1.86572377966988,-7.99987443721667,17.1395110740292,0.785398163397447
-1.86572377967012,-7.99987443721836,17.139511074031,0.785398163397448
-1.8740642320715,-8.19040482472347,17.3305141350335,0.785398163397448
-1.86902783644487,-8.25386612208293,17.3814019242138,0.556194490194396
-1.85250048001115,-8.38011377345137,17.4254546814035,0.0977871437882909
-1.84383037404895,-8.43847015478997,17.4249567894674,-0.114601836602565
-1.68011747163795,-9.16773548461699,17.7083329456036,0.785398163397416
-1.68011747163724,-9.16773548461854,17.7083329456053,0.785398163397448
-1.54485081200764,-9.38458861638305,17.964616117157,0.785398163397448
-1.35903269692494,-9.56007074672839,18.2208992887087,0.785398163397448
-1.15229322009159,-9.67569593726015,18.4583329456036,0.785398163397448
-0.419844677223238,-9.6875797498539,19.2083329456036,0.785398163397448
-0.192515665262695,-9.58377138589288,19.3028068138673,-0.114601836602532
0.453158171620757,-9.20729411956026,19.5861829700019,0.785398163395433
0.453158171622021,-9.20729411955911,19.5861829700036,0.785398163397448
0.626154091843092,-9.02694149913432,19.6806568382673,-0.114601836602532
1.08739094423489,-8.4388170210714,19.9640329944018,0.785398163395433
1.08739094423565,-8.43881702106987,19.9640329944035,0.785398163397448
1.14689559386653,-7.70869286065328,20.7140329944035,0.785398163397448
1.0580949209682,-7.47509256827327,20.8085068626673,-0.114601836602532
0.724416324311473,-6.80629631392201,21.0918830188018,0.785398163395433
0.724416324310412,-6.80629631392067,21.0918830188035,0.785398163397448
0.555699132166927,-6.62193480714,21.1863568870672,-0.114601836602532
-0.00117608794112856,-6.12341717963753,21.4697330432017,0.785398163395433
-0.00117608794260793,-6.12341717963668,21.4697330432035,0.785398163397448
-0.226007163891964,-6.01430419509918,21.5642069114672,-0.114601836602565
-0.927515005284586,-5.75639610261621,21.8475830676034,0.785398163397416
-0.927515005286274,-5.75639610261597,21.8475830676051,0.785398163397448
-1.1879506961545,-5.75301916247726,22.1087825338597,0.785398163397448
-1.44042470831822,-5.81701155252995,22.3699820001144,0.785398163397448
-1.64052921182302,-5.92442289571517,22.5975830676034,0.785398163397448
-1.83547534443077,-6.08078996861899,22.6920569358671,-0.114601836602565
-1.98181010510942,-6.1960521138763,22.5980769805589,-0.785398163397447
-1.98181010510989,-6.19605211387663,22.5980769805583,-0.785398163397448
-2.03522724037236,-6.23067602071321,22.5344092935575,-0.785398163397448
-2.09073908210204,-6.26183112771122,22.4707416065567,-0.785398163397448
-2.20713952679512,-6.31324452251008,22.343406232555,-0.785398163397448
-2.26308197748176,-6.33195472210343,22.2844092935575,-0.785398163397448
-3.0079779257255,-6.39494970586482,22.0009876887664,0.114601836602532
-3.25785374520037,-6.3911865886499,21.9065289700548,-0.785398163395433
-3.25785374520093,-6.39118658864985,21.9065289700543,-0.785398163397448
-3.50174498734095,-6.33929999539449,21.6565289700543,-0.785398163397448
-3.72521729279323,-6.22868677173618,21.4065289700543,-0.785398163397448
-4.24951197663563,-5.69581396685336,21.1231073652631,0.114601836602565
-4.40623321741037,-5.50115904423461,21.0286486465511,-0.785398163397416
-4.4062332174107,-5.50115904423414,21.0286486465505,-0.785398163397448
-4.45639828612329,-5.42134774282203,20.9343461205873,-0.785398163397448
-4.49882520502079,-5.33716737394127,20.8400435946242,-0.785398163397448
-4.52210605172004,-5.28036809594263,20.7786486465511,-0.785398163397448
-4.6333785302942,-4.54114094736038,20.4952270417599,0.114601836602565
-4.7311701488202,-3.9922983818393,20.7771669076845,0.785398163397447
-4.73117014882079,-3.9922983818377,20.7771669076862,0.785398163397448
-4.81452119513151,-3.82076414389083,20.9681699686887,0.785398163397448
-4.84915599959485,-3.76734942809789,21.0190577578691,0.556194490194396
-4.92378091013939,-3.66418574401791,21.0631105150587,0.0977871437882909
-4.95918165771027,-3.6169901398608,21.0626126231226,-0.114601836602565
-5.06566831279132,-3.46415095443494,20.968632667815,-0.785398163395431
-5.06566831279161,-3.46415095443445,20.9686326678144,-0.785398163397448
-5.09710167895698,-3.40879620074642,20.904964980813,-0.785398163397448
-5.12494942929023,-3.35155366354089,20.8412972938116,-0.785398163397448
-5.16945169018584,-3.23233978236528,20.7139619198088,-0.785398163397448
-5.18485068977283,-3.1753968269698,20.654964980813,-0.785398163397448
-5.21212786754735,-2.9275438218944,20.404964980813,-0.785398163397448
-5.04586840194624,-2.19871178926475,20.1215433760219,0.114601836602532
-4.96637813530022,-1.96178694101545,20.0270846573104,-0.785398163395433
-4.9663781353,-1.96178694101492,20.0270846573098,-0.785398163397448
-4.84285640037889,-1.74518237607152,19.7770846573098,-0.785398163397448
-4.66958583010297,-1.5658712887721,19.5270846573098,-0.785398163397448
-4.45733954930963,-1.43500237404579,19.2770846573098,-0.785398163397448
-4.21931400374045,-1.360712427157,19.0270846573098,-0.785398163397448
-3.97030846896093,-1.34762043718576,18.7770846573098,-0.785398163397448
-3.25214919485235,-1.55519114489974,18.4936630525187,0.114601836602532
-3.02014541954646,-1.64806920718154,18.3992043338071,-0.785398163395433
-3.02014541954594,-1.64806920718179,18.3992043338066,-0.785398163397448
-2.42923661354851,-2.10596125197375,18.1157827290154,0.114601836602565
-1.97953543072075,-2.43544601420589,18.3977225949383,0.785398163395431
-1.97953543071921,-2.43544601420664,18.39772259494,0.785398163397448
-1.80080263846274,-2.50197405853344,18.5887256559442,0.785398163397448
-1.73886776835664,-2.51669728536947,18.6396134451249,0.556194490192381
-1.61365536220531,-2.53979439195917,18.6836662023144,0.0977871437822478
-1.5554605977093,-2.54949013150742,18.6831683103781,-0.114601836602564
-1.37290106803495,-2.58652042231469,18.5891883550699,-0.785398163397415
-1.3729010680344,-2.58652042231484,18.5891883550694,-0.785398163397448
-1.31194242045136,-2.60485750357458,18.5255206680685,-0.785398163397448
-1.13666359058714,-2.68028198234241,18.3728573005274,-0.556194490194364
-0.813103664854848,-2.88281876199067,18.2406990289584,-0.097787143788195
-0.66816049661274,-2.98439218366119,18.2421927047668,0.114601836602564
-0.180508203053755,-3.25455251192638,18.5241325706913,0.785398163397446
-0.180508203052136,-3.25455251192693,18.5241325706931,0.785398163397448
0.00518589003229902,-3.29801623821295,18.7151356316956,0.785398163397448
0.0684827851322469,-3.30481363581503,18.766023420876,0.556194490194364
0.19560804305516,-3.31194047135213,18.8100761780657,0.097787143788195
0.254560841912176,-3.31422202504466,18.8095782861295,-0.114601836602533
0.440332250971854,-3.32794091305287,18.7155983308213,-0.785398163397446
0.440332250972417,-3.32794091305295,18.7155983308208,-0.785398163397448
0.503116324512091,-3.33844640561841,18.6519306438199,-0.785398163397448
0.68650562011407,-3.39117103415735,18.4992672762789,-0.556194490194396
1.03301836410344,-3.55129939174305,18.3671090047098,-0.0977871437882909
1.18961074052344,-3.63378884353582,18.3686026805182,0.114601836602533
1.40821748737408,-3.7548804470465,18.2741439618067,-0.785398163395433
1.40821748737455,-3.75488044704681,18.2741439618061,-0.785398163397448
1.93739638080062,-4.2829032121256,17.990722357015,0.114601836602565
2.09590326631746,-4.47610687009676,17.896263638303,-0.785398163397416
2.39293332684507,-5.16211815632466,17.6128420335118,0.114601836602597
2.62813450100937,-5.6675603093467,17.8947818994347,0.785398163395432
2.62813450101036,-5.66756030934809,17.8947818994364,0.785398163397448
2.75266782498443,-5.81200006471248,18.0857849604406,0.785398163397448
2.90235741727237,-5.93017120192637,18.2767880214449,0.785398163397448
3.2547107815301,-6.07162718316858,18.6587941434534,0.785398163397448
3.43054716508329,-6.08967228339658,18.8357849604407,0.785398163397448
3.68006725962363,-6.07573031338499,18.9302588287044,-0.114601836602565
3.86613912859707,-6.06698480659991,18.8362788733962,-0.785398163397447
3.86613912859764,-6.06698480659992,18.8362788733956,-0.785398163397448
3.92973130302905,-6.06985545380275,18.7726111863948,-0.785398163397448
4.11813420019114,-6.10011877379393,18.6199478188537,-0.556194490194396
4.48140424024075,-6.21736659105503,18.4877895472847,-0.0977871437882909
4.64678843633441,-6.28040427575551,18.4892832230931,0.114601836602565
5.18570668341239,-6.42308743996242,18.7712230890176,0.785398163397446
5.18570668341409,-6.42308743996256,18.7712230890193,0.785398163397448
5.37639142789858,-6.41981330954458,18.9622261500219,0.785398163397448
5.56298686422263,-6.38039840307325,19.1532292110244,0.785398163397448
5.89715844772901,-6.20014291575808,19.5352353330295,0.785398163397448
6.02354144928783,-6.07656542451438,19.7122261500219,0.785398163397448
6.26308307141026,-5.38429242618013,20.4622261500219,0.785398163397448
5.96647290176704,-4.71448312479957,21.2122261500219,0.785398163397448
5.77684282976934,-4.55170999464176,21.3067000182856,-0.114601836602565
5.63657584320414,-4.42913594848142,21.2127200629774,-0.785398163397447
5.63657584320374,-4.42913594848102,21.2127200629768,-0.785398163397448
5.59269658452078,-4.38301853396424,21.149052375976,-0.785398163397448
5.55184043555728,-4.33420275417789,21.0853846889751,-0.785398163397448
5.47984677565714,-4.22927747779668,20.9580493149734,-0.785398163397448
5.45114277523987,-4.17774389925127,20.899052375976,-0.785398163397448
5.25188507660029,-3.45723386377506,20.6156307711848,0.114601836602565
5.20951196586432,-3.21094824564796,20.5211720524728,-0.785398163397416
5.29014516080276,-2.46775471125527,20.2377504476817,0.114601836602597
5.34162889143663,-2.22321123518259,20.1432917289696,-0.785398163397384
5.69077543942346,-1.56220062277311,19.8598701241785,0.114601836602629
5.82885153142796,-1.3539049698505,19.7654114054665,-0.785398163397384
6.3972460027164,-0.868347489527333,19.4819898006754,0.114601836602597
6.60243158264033,-0.725690684568812,19.3875310819634,-0.785398163397416
6.60243158264082,-0.725690684568521,19.3875310819628,-0.785398163397448
6.68557039187677,-0.681257404801487,19.2932285559996,-0.785398163397448
6.77252376244421,-0.644850134936939,19.1989260300365,-0.785398163397448
6.83081844891452,-0.62561773171904,19.1375310819634,-0.785398163397448
